-- --------------------------------------------------------
-- Host:                         127.0.0.1
-- Server version:               11.2.3-MariaDB - mariadb.org binary distribution
-- Server OS:                    Win64
-- HeidiSQL Version:             12.6.0.6765
-- --------------------------------------------------------

/*!40101 SET @OLD_CHARACTER_SET_CLIENT=@@CHARACTER_SET_CLIENT */;
/*!40101 SET NAMES utf8 */;
/*!50503 SET NAMES utf8mb4 */;
/*!40103 SET @OLD_TIME_ZONE=@@TIME_ZONE */;
/*!40103 SET TIME_ZONE='+00:00' */;
/*!40014 SET @OLD_FOREIGN_KEY_CHECKS=@@FOREIGN_KEY_CHECKS, FOREIGN_KEY_CHECKS=0 */;
/*!40101 SET @OLD_SQL_MODE=@@SQL_MODE, SQL_MODE='NO_AUTO_VALUE_ON_ZERO' */;
/*!40111 SET @OLD_SQL_NOTES=@@SQL_NOTES, SQL_NOTES=0 */;


-- Dumping database structure for works
CREATE DATABASE IF NOT EXISTS `works` /*!40100 DEFAULT CHARACTER SET latin1 COLLATE latin1_swedish_ci */;
USE `works`;

-- Dumping structure for table works.address
CREATE TABLE IF NOT EXISTS `address` (
  `id` bigint(20) NOT NULL AUTO_INCREMENT,
  `street` varchar(150) DEFAULT NULL,
  `city` varchar(50) DEFAULT NULL,
  `country` int(11) DEFAULT NULL,
  `number` varchar(20) DEFAULT NULL,
  `zipcode` varchar(7) DEFAULT NULL,
  PRIMARY KEY (`id`)
) ENGINE=InnoDB AUTO_INCREMENT=1020 DEFAULT CHARSET=latin1 COLLATE=latin1_swedish_ci;

-- Dumping data for table works.address: ~1,017 rows (approximately)
INSERT INTO `address` (`id`, `street`, `city`, `country`, `number`, `zipcode`) VALUES
	(1, 'Quang Trung', 'HCM', 704, '887', '76184'),
	(2, 'Quang Trung', 'HCM', 704, '810', '70426'),
	(3, 'Quang Trung', 'HCM', 704, '138', '71995'),
	(4, 'Quang Trung', 'HCM', 704, '453', '72692'),
	(5, 'Quang Trung', 'HCM', 704, '312', '71495'),
	(6, 'Quang Trung', 'HCM', 704, '620', '79448'),
	(7, 'Quang Trung', 'HCM', 704, '622', '77816'),
	(8, 'Quang Trung', 'HCM', 704, '118', '79932'),
	(9, 'Quang Trung', 'HCM', 704, '287', '70470'),
	(10, 'Quang Trung', 'HCM', 704, '114', '72212'),
	(11, 'Quang Trung', 'HCM', 704, '842', '73566'),
	(12, 'Quang Trung', 'HCM', 704, '158', '76653'),
	(13, 'Quang Trung', 'HCM', 704, '361', '77301'),
	(14, 'Quang Trung', 'HCM', 704, '900', '79323'),
	(15, 'Quang Trung', 'HCM', 704, '125', '77409'),
	(16, 'Quang Trung', 'HCM', 704, '979', '74972'),
	(17, 'Quang Trung', 'HCM', 704, '362', '70731'),
	(18, 'Quang Trung', 'HCM', 704, '739', '74977'),
	(19, 'Quang Trung', 'HCM', 704, '486', '74092'),
	(20, 'Quang Trung', 'HCM', 704, '886', '75326'),
	(21, 'Quang Trung', 'HCM', 704, '360', '71627'),
	(22, 'Quang Trung', 'HCM', 704, '847', '79862'),
	(23, 'Quang Trung', 'HCM', 704, '349', '76281'),
	(24, 'Quang Trung', 'HCM', 704, '707', '70220'),
	(25, 'Quang Trung', 'HCM', 704, '390', '79154'),
	(26, 'Quang Trung', 'HCM', 704, '43', '73089'),
	(27, 'Quang Trung', 'HCM', 704, '748', '71320'),
	(28, 'Quang Trung', 'HCM', 704, '369', '78494'),
	(29, 'Quang Trung', 'HCM', 704, '40', '78485'),
	(30, 'Quang Trung', 'HCM', 704, '981', '79734'),
	(31, 'Quang Trung', 'HCM', 704, '664', '75765'),
	(32, 'Quang Trung', 'HCM', 704, '96', '70291'),
	(33, 'Quang Trung', 'HCM', 704, '848', '77158'),
	(34, 'Quang Trung', 'HCM', 704, '318', '74755'),
	(35, 'Quang Trung', 'HCM', 704, '217', '70133'),
	(36, 'Quang Trung', 'HCM', 704, '714', '75669'),
	(37, 'Quang Trung', 'HCM', 704, '290', '72654'),
	(38, 'Quang Trung', 'HCM', 704, '748', '76365'),
	(39, 'Quang Trung', 'HCM', 704, '35', '71432'),
	(40, 'Quang Trung', 'HCM', 704, '33', '73017'),
	(41, 'Quang Trung', 'HCM', 704, '350', '71763'),
	(42, 'Quang Trung', 'HCM', 704, '53', '75414'),
	(43, 'Quang Trung', 'HCM', 704, '890', '76135'),
	(44, 'Quang Trung', 'HCM', 704, '224', '75387'),
	(45, 'Quang Trung', 'HCM', 704, '339', '77698'),
	(46, 'Quang Trung', 'HCM', 704, '669', '71625'),
	(47, 'Quang Trung', 'HCM', 704, '226', '70246'),
	(48, 'Quang Trung', 'HCM', 704, '82', '73317'),
	(49, 'Quang Trung', 'HCM', 704, '191', '72004'),
	(50, 'Quang Trung', 'HCM', 704, '472', '77322'),
	(51, 'Quang Trung', 'HCM', 704, '950', '73617'),
	(52, 'Quang Trung', 'HCM', 704, '750', '75751'),
	(53, 'Quang Trung', 'HCM', 704, '316', '73836'),
	(54, 'Quang Trung', 'HCM', 704, '886', '71465'),
	(55, 'Quang Trung', 'HCM', 704, '510', '74465'),
	(56, 'Quang Trung', 'HCM', 704, '422', '79726'),
	(57, 'Quang Trung', 'HCM', 704, '831', '78438'),
	(58, 'Quang Trung', 'HCM', 704, '727', '76191'),
	(59, 'Quang Trung', 'HCM', 704, '176', '74871'),
	(60, 'Quang Trung', 'HCM', 704, '200', '76864'),
	(61, 'Quang Trung', 'HCM', 704, '550', '77880'),
	(62, 'Quang Trung', 'HCM', 704, '566', '78830'),
	(63, 'Quang Trung', 'HCM', 704, '723', '77614'),
	(64, 'Quang Trung', 'HCM', 704, '5', '74077'),
	(65, 'Quang Trung', 'HCM', 704, '265', '76723'),
	(66, 'Quang Trung', 'HCM', 704, '822', '72196'),
	(67, 'Quang Trung', 'HCM', 704, '290', '79100'),
	(68, 'Quang Trung', 'HCM', 704, '862', '73615'),
	(69, 'Quang Trung', 'HCM', 704, '495', '72689'),
	(70, 'Quang Trung', 'HCM', 704, '950', '73495'),
	(71, 'Quang Trung', 'HCM', 704, '6', '70369'),
	(72, 'Quang Trung', 'HCM', 704, '392', '77625'),
	(73, 'Quang Trung', 'HCM', 704, '899', '70278'),
	(74, 'Quang Trung', 'HCM', 704, '683', '73577'),
	(75, 'Quang Trung', 'HCM', 704, '991', '77572'),
	(76, 'Quang Trung', 'HCM', 704, '295', '72217'),
	(77, 'Quang Trung', 'HCM', 704, '791', '76402'),
	(78, 'Quang Trung', 'HCM', 704, '204', '76916'),
	(79, 'Quang Trung', 'HCM', 704, '374', '79035'),
	(80, 'Quang Trung', 'HCM', 704, '169', '77576'),
	(81, 'Quang Trung', 'HCM', 704, '443', '71181'),
	(82, 'Quang Trung', 'HCM', 704, '799', '71021'),
	(83, 'Quang Trung', 'HCM', 704, '913', '70755'),
	(84, 'Quang Trung', 'HCM', 704, '913', '77160'),
	(85, 'Quang Trung', 'HCM', 704, '773', '70856'),
	(86, 'Quang Trung', 'HCM', 704, '333', '78627'),
	(87, 'Quang Trung', 'HCM', 704, '313', '76306'),
	(88, 'Quang Trung', 'HCM', 704, '608', '71972'),
	(89, 'Quang Trung', 'HCM', 704, '767', '78817'),
	(90, 'Quang Trung', 'HCM', 704, '957', '74639'),
	(91, 'Quang Trung', 'HCM', 704, '716', '79547'),
	(92, 'Quang Trung', 'HCM', 704, '333', '72018'),
	(93, 'Quang Trung', 'HCM', 704, '887', '74781'),
	(94, 'Quang Trung', 'HCM', 704, '663', '74100'),
	(95, 'Quang Trung', 'HCM', 704, '269', '77832'),
	(96, 'Quang Trung', 'HCM', 704, '830', '71395'),
	(97, 'Quang Trung', 'HCM', 704, '414', '78238'),
	(98, 'Quang Trung', 'HCM', 704, '295', '74624'),
	(99, 'Quang Trung', 'HCM', 704, '550', '72512'),
	(100, 'Quang Trung', 'HCM', 704, '44', '79775'),
	(101, 'Quang Trung', 'HCM', 704, '305', '77614'),
	(102, 'Quang Trung', 'HCM', 704, '226', '76072'),
	(103, 'Quang Trung', 'HCM', 704, '854', '76130'),
	(104, 'Quang Trung', 'HCM', 704, '450', '72700'),
	(105, 'Quang Trung', 'HCM', 704, '579', '70368'),
	(106, 'Quang Trung', 'HCM', 704, '637', '79902'),
	(107, 'Quang Trung', 'HCM', 704, '966', '79654'),
	(108, 'Quang Trung', 'HCM', 704, '212', '77943'),
	(109, 'Quang Trung', 'HCM', 704, '172', '79573'),
	(110, 'Quang Trung', 'HCM', 704, '381', '72700'),
	(111, 'Quang Trung', 'HCM', 704, '801', '73537'),
	(112, 'Quang Trung', 'HCM', 704, '819', '74248'),
	(113, 'Quang Trung', 'HCM', 704, '972', '78771'),
	(114, 'Quang Trung', 'HCM', 704, '827', '75129'),
	(115, 'Quang Trung', 'HCM', 704, '15', '74449'),
	(116, 'Quang Trung', 'HCM', 704, '824', '77009'),
	(117, 'Quang Trung', 'HCM', 704, '660', '73646'),
	(118, 'Quang Trung', 'HCM', 704, '603', '73010'),
	(119, 'Quang Trung', 'HCM', 704, '337', '77563'),
	(120, 'Quang Trung', 'HCM', 704, '990', '73981'),
	(121, 'Quang Trung', 'HCM', 704, '437', '78850'),
	(122, 'Quang Trung', 'HCM', 704, '209', '74865'),
	(123, 'Quang Trung', 'HCM', 704, '434', '79331'),
	(124, 'Quang Trung', 'HCM', 704, '64', '74484'),
	(125, 'Quang Trung', 'HCM', 704, '143', '73573'),
	(126, 'Quang Trung', 'HCM', 704, '515', '75608'),
	(127, 'Quang Trung', 'HCM', 704, '797', '78515'),
	(128, 'Quang Trung', 'HCM', 704, '100', '75572'),
	(129, 'Quang Trung', 'HCM', 704, '170', '77768'),
	(130, 'Quang Trung', 'HCM', 704, '645', '71428'),
	(131, 'Quang Trung', 'HCM', 704, '291', '76288'),
	(132, 'Quang Trung', 'HCM', 704, '603', '75160'),
	(133, 'Quang Trung', 'HCM', 704, '277', '76917'),
	(134, 'Quang Trung', 'HCM', 704, '769', '70942'),
	(135, 'Quang Trung', 'HCM', 704, '713', '79163'),
	(136, 'Quang Trung', 'HCM', 704, '922', '77427'),
	(137, 'Quang Trung', 'HCM', 704, '557', '78065'),
	(138, 'Quang Trung', 'HCM', 704, '883', '77492'),
	(139, 'Quang Trung', 'HCM', 704, '22', '77821'),
	(140, 'Quang Trung', 'HCM', 704, '821', '79780'),
	(141, 'Quang Trung', 'HCM', 704, '756', '72794'),
	(142, 'Quang Trung', 'HCM', 704, '112', '73411'),
	(143, 'Quang Trung', 'HCM', 704, '611', '75336'),
	(144, 'Quang Trung', 'HCM', 704, '488', '77011'),
	(145, 'Quang Trung', 'HCM', 704, '428', '74521'),
	(146, 'Quang Trung', 'HCM', 704, '58', '79583'),
	(147, 'Quang Trung', 'HCM', 704, '353', '77147'),
	(148, 'Quang Trung', 'HCM', 704, '204', '71729'),
	(149, 'Quang Trung', 'HCM', 704, '365', '75295'),
	(150, 'Quang Trung', 'HCM', 704, '909', '77047'),
	(151, 'Quang Trung', 'HCM', 704, '760', '73597'),
	(152, 'Quang Trung', 'HCM', 704, '274', '79114'),
	(153, 'Quang Trung', 'HCM', 704, '830', '70570'),
	(154, 'Quang Trung', 'HCM', 704, '311', '75380'),
	(155, 'Quang Trung', 'HCM', 704, '378', '75568'),
	(156, 'Quang Trung', 'HCM', 704, '238', '79413'),
	(157, 'Quang Trung', 'HCM', 704, '328', '74688'),
	(158, 'Quang Trung', 'HCM', 704, '404', '78313'),
	(159, 'Quang Trung', 'HCM', 704, '538', '74030'),
	(160, 'Quang Trung', 'HCM', 704, '338', '79393'),
	(161, 'Quang Trung', 'HCM', 704, '585', '74833'),
	(162, 'Quang Trung', 'HCM', 704, '869', '72115'),
	(163, 'Quang Trung', 'HCM', 704, '777', '73341'),
	(164, 'Quang Trung', 'HCM', 704, '619', '71432'),
	(165, 'Quang Trung', 'HCM', 704, '962', '71271'),
	(166, 'Quang Trung', 'HCM', 704, '604', '74393'),
	(167, 'Quang Trung', 'HCM', 704, '656', '76110'),
	(168, 'Quang Trung', 'HCM', 704, '513', '72942'),
	(169, 'Quang Trung', 'HCM', 704, '544', '76008'),
	(170, 'Quang Trung', 'HCM', 704, '279', '79708'),
	(171, 'Quang Trung', 'HCM', 704, '512', '79096'),
	(172, 'Quang Trung', 'HCM', 704, '462', '72833'),
	(173, 'Quang Trung', 'HCM', 704, '160', '76610'),
	(174, 'Quang Trung', 'HCM', 704, '308', '71399'),
	(175, 'Quang Trung', 'HCM', 704, '475', '77376'),
	(176, 'Quang Trung', 'HCM', 704, '234', '77146'),
	(177, 'Quang Trung', 'HCM', 704, '180', '72732'),
	(178, 'Quang Trung', 'HCM', 704, '414', '79534'),
	(179, 'Quang Trung', 'HCM', 704, '367', '75955'),
	(180, 'Quang Trung', 'HCM', 704, '483', '73257'),
	(181, 'Quang Trung', 'HCM', 704, '250', '74251'),
	(182, 'Quang Trung', 'HCM', 704, '521', '73505'),
	(183, 'Quang Trung', 'HCM', 704, '923', '71192'),
	(184, 'Quang Trung', 'HCM', 704, '492', '72411'),
	(185, 'Quang Trung', 'HCM', 704, '592', '78857'),
	(186, 'Quang Trung', 'HCM', 704, '836', '74409'),
	(187, 'Quang Trung', 'HCM', 704, '468', '71345'),
	(188, 'Quang Trung', 'HCM', 704, '346', '71814'),
	(189, 'Quang Trung', 'HCM', 704, '85', '71069'),
	(190, 'Quang Trung', 'HCM', 704, '87', '77640'),
	(191, 'Quang Trung', 'HCM', 704, '28', '75130'),
	(192, 'Quang Trung', 'HCM', 704, '522', '70905'),
	(193, 'Quang Trung', 'HCM', 704, '108', '76904'),
	(194, 'Quang Trung', 'HCM', 704, '216', '74267'),
	(195, 'Quang Trung', 'HCM', 704, '856', '70247'),
	(196, 'Quang Trung', 'HCM', 704, '601', '72016'),
	(197, 'Quang Trung', 'HCM', 704, '615', '76820'),
	(198, 'Quang Trung', 'HCM', 704, '212', '79946'),
	(199, 'Quang Trung', 'HCM', 704, '181', '72553'),
	(200, 'Quang Trung', 'HCM', 704, '855', '76845'),
	(201, 'Quang Trung', 'HCM', 704, '173', '76454'),
	(202, 'Quang Trung', 'HCM', 704, '81', '74006'),
	(203, 'Quang Trung', 'HCM', 704, '543', '74568'),
	(204, 'Quang Trung', 'HCM', 704, '468', '75310'),
	(205, 'Quang Trung', 'HCM', 704, '192', '73916'),
	(206, 'Quang Trung', 'HCM', 704, '467', '77896'),
	(207, 'Quang Trung', 'HCM', 704, '423', '72648'),
	(208, 'Quang Trung', 'HCM', 704, '655', '73916'),
	(209, 'Quang Trung', 'HCM', 704, '234', '75807'),
	(210, 'Quang Trung', 'HCM', 704, '725', '75191'),
	(211, 'Quang Trung', 'HCM', 704, '192', '78343'),
	(212, 'Quang Trung', 'HCM', 704, '356', '71064'),
	(213, 'Quang Trung', 'HCM', 704, '105', '74945'),
	(214, 'Quang Trung', 'HCM', 704, '92', '72449'),
	(215, 'Quang Trung', 'HCM', 704, '572', '78587'),
	(216, 'Quang Trung', 'HCM', 704, '600', '76975'),
	(217, 'Quang Trung', 'HCM', 704, '247', '79150'),
	(218, 'Quang Trung', 'HCM', 704, '377', '71951'),
	(219, 'Quang Trung', 'HCM', 704, '134', '76663'),
	(220, 'Quang Trung', 'HCM', 704, '173', '76214'),
	(221, 'Quang Trung', 'HCM', 704, '418', '73789'),
	(222, 'Quang Trung', 'HCM', 704, '946', '74068'),
	(223, 'Quang Trung', 'HCM', 704, '625', '73030'),
	(224, 'Quang Trung', 'HCM', 704, '15', '75678'),
	(225, 'Quang Trung', 'HCM', 704, '656', '79278'),
	(226, 'Quang Trung', 'HCM', 704, '1', '75261'),
	(227, 'Quang Trung', 'HCM', 704, '320', '78349'),
	(228, 'Quang Trung', 'HCM', 704, '852', '79519'),
	(229, 'Quang Trung', 'HCM', 704, '494', '74844'),
	(230, 'Quang Trung', 'HCM', 704, '930', '79761'),
	(231, 'Quang Trung', 'HCM', 704, '11', '79388'),
	(232, 'Quang Trung', 'HCM', 704, '962', '72271'),
	(233, 'Quang Trung', 'HCM', 704, '635', '76267'),
	(234, 'Quang Trung', 'HCM', 704, '108', '71409'),
	(235, 'Quang Trung', 'HCM', 704, '932', '71964'),
	(236, 'Quang Trung', 'HCM', 704, '12', '70058'),
	(237, 'Quang Trung', 'HCM', 704, '202', '78266'),
	(238, 'Quang Trung', 'HCM', 704, '994', '72183'),
	(239, 'Quang Trung', 'HCM', 704, '495', '73665'),
	(240, 'Quang Trung', 'HCM', 704, '663', '75866'),
	(241, 'Quang Trung', 'HCM', 704, '493', '75984'),
	(242, 'Quang Trung', 'HCM', 704, '77', '77162'),
	(243, 'Quang Trung', 'HCM', 704, '154', '79591'),
	(244, 'Quang Trung', 'HCM', 704, '296', '76864'),
	(245, 'Quang Trung', 'HCM', 704, '182', '71089'),
	(246, 'Quang Trung', 'HCM', 704, '682', '78039'),
	(247, 'Quang Trung', 'HCM', 704, '219', '75479'),
	(248, 'Quang Trung', 'HCM', 704, '469', '78439'),
	(249, 'Quang Trung', 'HCM', 704, '739', '78650'),
	(250, 'Quang Trung', 'HCM', 704, '703', '74647'),
	(251, 'Quang Trung', 'HCM', 704, '128', '73698'),
	(252, 'Quang Trung', 'HCM', 704, '658', '70070'),
	(253, 'Quang Trung', 'HCM', 704, '449', '75743'),
	(254, 'Quang Trung', 'HCM', 704, '383', '78638'),
	(255, 'Quang Trung', 'HCM', 704, '42', '75347'),
	(256, 'Quang Trung', 'HCM', 704, '100', '79021'),
	(257, 'Quang Trung', 'HCM', 704, '754', '74914'),
	(258, 'Quang Trung', 'HCM', 704, '100', '72057'),
	(259, 'Quang Trung', 'HCM', 704, '584', '71312'),
	(260, 'Quang Trung', 'HCM', 704, '497', '71366'),
	(261, 'Quang Trung', 'HCM', 704, '365', '71390'),
	(262, 'Quang Trung', 'HCM', 704, '544', '70605'),
	(263, 'Quang Trung', 'HCM', 704, '620', '79160'),
	(264, 'Quang Trung', 'HCM', 704, '560', '75044'),
	(265, 'Quang Trung', 'HCM', 704, '570', '77158'),
	(266, 'Quang Trung', 'HCM', 704, '925', '73118'),
	(267, 'Quang Trung', 'HCM', 704, '21', '79013'),
	(268, 'Quang Trung', 'HCM', 704, '807', '77014'),
	(269, 'Quang Trung', 'HCM', 704, '828', '76729'),
	(270, 'Quang Trung', 'HCM', 704, '748', '77076'),
	(271, 'Quang Trung', 'HCM', 704, '865', '74858'),
	(272, 'Quang Trung', 'HCM', 704, '179', '78564'),
	(273, 'Quang Trung', 'HCM', 704, '897', '78816'),
	(274, 'Quang Trung', 'HCM', 704, '835', '79878'),
	(275, 'Quang Trung', 'HCM', 704, '367', '72212'),
	(276, 'Quang Trung', 'HCM', 704, '624', '73870'),
	(277, 'Quang Trung', 'HCM', 704, '412', '78941'),
	(278, 'Quang Trung', 'HCM', 704, '480', '73666'),
	(279, 'Quang Trung', 'HCM', 704, '991', '79340'),
	(280, 'Quang Trung', 'HCM', 704, '405', '71283'),
	(281, 'Quang Trung', 'HCM', 704, '463', '70316'),
	(282, 'Quang Trung', 'HCM', 704, '986', '70609'),
	(283, 'Quang Trung', 'HCM', 704, '957', '79329'),
	(284, 'Quang Trung', 'HCM', 704, '64', '72550'),
	(285, 'Quang Trung', 'HCM', 704, '795', '72740'),
	(286, 'Quang Trung', 'HCM', 704, '12', '76662'),
	(287, 'Quang Trung', 'HCM', 704, '782', '75649'),
	(288, 'Quang Trung', 'HCM', 704, '675', '74537'),
	(289, 'Quang Trung', 'HCM', 704, '276', '76261'),
	(290, 'Quang Trung', 'HCM', 704, '130', '76494'),
	(291, 'Quang Trung', 'HCM', 704, '264', '77104'),
	(292, 'Quang Trung', 'HCM', 704, '484', '77285'),
	(293, 'Quang Trung', 'HCM', 704, '291', '72411'),
	(294, 'Quang Trung', 'HCM', 704, '443', '71679'),
	(295, 'Quang Trung', 'HCM', 704, '840', '79789'),
	(296, 'Quang Trung', 'HCM', 704, '860', '76462'),
	(297, 'Quang Trung', 'HCM', 704, '494', '78856'),
	(298, 'Quang Trung', 'HCM', 704, '363', '72620'),
	(299, 'Quang Trung', 'HCM', 704, '270', '73251'),
	(300, 'Quang Trung', 'HCM', 704, '882', '72914'),
	(301, 'Quang Trung', 'HCM', 704, '694', '76380'),
	(302, 'Quang Trung', 'HCM', 704, '837', '74511'),
	(303, 'Quang Trung', 'HCM', 704, '720', '75636'),
	(304, 'Quang Trung', 'HCM', 704, '21', '73129'),
	(305, 'Quang Trung', 'HCM', 704, '177', '73087'),
	(306, 'Quang Trung', 'HCM', 704, '899', '70524'),
	(307, 'Quang Trung', 'HCM', 704, '579', '71566'),
	(308, 'Quang Trung', 'HCM', 704, '795', '73333'),
	(309, 'Quang Trung', 'HCM', 704, '390', '74307'),
	(310, 'Quang Trung', 'HCM', 704, '712', '74227'),
	(311, 'Quang Trung', 'HCM', 704, '392', '70073'),
	(312, 'Quang Trung', 'HCM', 704, '491', '75122'),
	(313, 'Quang Trung', 'HCM', 704, '719', '79541'),
	(314, 'Quang Trung', 'HCM', 704, '882', '77868'),
	(315, 'Quang Trung', 'HCM', 704, '60', '73045'),
	(316, 'Quang Trung', 'HCM', 704, '750', '78821'),
	(317, 'Quang Trung', 'HCM', 704, '273', '76316'),
	(318, 'Quang Trung', 'HCM', 704, '976', '72347'),
	(319, 'Quang Trung', 'HCM', 704, '28', '76623'),
	(320, 'Quang Trung', 'HCM', 704, '587', '76400'),
	(321, 'Quang Trung', 'HCM', 704, '475', '75031'),
	(322, 'Quang Trung', 'HCM', 704, '170', '72444'),
	(323, 'Quang Trung', 'HCM', 704, '800', '71020'),
	(324, 'Quang Trung', 'HCM', 704, '845', '78523'),
	(325, 'Quang Trung', 'HCM', 704, '644', '79810'),
	(326, 'Quang Trung', 'HCM', 704, '850', '78759'),
	(327, 'Quang Trung', 'HCM', 704, '458', '70843'),
	(328, 'Quang Trung', 'HCM', 704, '979', '77675'),
	(329, 'Quang Trung', 'HCM', 704, '152', '72112'),
	(330, 'Quang Trung', 'HCM', 704, '189', '78716'),
	(331, 'Quang Trung', 'HCM', 704, '748', '74501'),
	(332, 'Quang Trung', 'HCM', 704, '823', '76509'),
	(333, 'Quang Trung', 'HCM', 704, '556', '74385'),
	(334, 'Quang Trung', 'HCM', 704, '658', '70967'),
	(335, 'Quang Trung', 'HCM', 704, '186', '77311'),
	(336, 'Quang Trung', 'HCM', 704, '802', '70266'),
	(337, 'Quang Trung', 'HCM', 704, '939', '74348'),
	(338, 'Quang Trung', 'HCM', 704, '516', '72523'),
	(339, 'Quang Trung', 'HCM', 704, '817', '70629'),
	(340, 'Quang Trung', 'HCM', 704, '691', '76563'),
	(341, 'Quang Trung', 'HCM', 704, '799', '76692'),
	(342, 'Quang Trung', 'HCM', 704, '319', '79433'),
	(343, 'Quang Trung', 'HCM', 704, '906', '76270'),
	(344, 'Quang Trung', 'HCM', 704, '758', '77445'),
	(345, 'Quang Trung', 'HCM', 704, '664', '75509'),
	(346, 'Quang Trung', 'HCM', 704, '800', '78329'),
	(347, 'Quang Trung', 'HCM', 704, '435', '78590'),
	(348, 'Quang Trung', 'HCM', 704, '712', '70660'),
	(349, 'Quang Trung', 'HCM', 704, '606', '72054'),
	(350, 'Quang Trung', 'HCM', 704, '262', '73390'),
	(351, 'Quang Trung', 'HCM', 704, '842', '72398'),
	(352, 'Quang Trung', 'HCM', 704, '124', '73379'),
	(353, 'Quang Trung', 'HCM', 704, '962', '71256'),
	(354, 'Quang Trung', 'HCM', 704, '429', '77397'),
	(355, 'Quang Trung', 'HCM', 704, '84', '76788'),
	(356, 'Quang Trung', 'HCM', 704, '186', '70809'),
	(357, 'Quang Trung', 'HCM', 704, '544', '77460'),
	(358, 'Quang Trung', 'HCM', 704, '99', '78308'),
	(359, 'Quang Trung', 'HCM', 704, '584', '71793'),
	(360, 'Quang Trung', 'HCM', 704, '68', '79707'),
	(361, 'Quang Trung', 'HCM', 704, '928', '75455'),
	(362, 'Quang Trung', 'HCM', 704, '261', '75806'),
	(363, 'Quang Trung', 'HCM', 704, '772', '76508'),
	(364, 'Quang Trung', 'HCM', 704, '563', '75512'),
	(365, 'Quang Trung', 'HCM', 704, '886', '77256'),
	(366, 'Quang Trung', 'HCM', 704, '361', '72172'),
	(367, 'Quang Trung', 'HCM', 704, '93', '73514'),
	(368, 'Quang Trung', 'HCM', 704, '151', '70742'),
	(369, 'Quang Trung', 'HCM', 704, '755', '79367'),
	(370, 'Quang Trung', 'HCM', 704, '766', '76292'),
	(371, 'Quang Trung', 'HCM', 704, '625', '74856'),
	(372, 'Quang Trung', 'HCM', 704, '397', '75993'),
	(373, 'Quang Trung', 'HCM', 704, '35', '77183'),
	(374, 'Quang Trung', 'HCM', 704, '67', '77909'),
	(375, 'Quang Trung', 'HCM', 704, '839', '78045'),
	(376, 'Quang Trung', 'HCM', 704, '39', '73483'),
	(377, 'Quang Trung', 'HCM', 704, '290', '76859'),
	(378, 'Quang Trung', 'HCM', 704, '535', '78983'),
	(379, 'Quang Trung', 'HCM', 704, '179', '71931'),
	(380, 'Quang Trung', 'HCM', 704, '987', '78915'),
	(381, 'Quang Trung', 'HCM', 704, '361', '74227'),
	(382, 'Quang Trung', 'HCM', 704, '885', '76478'),
	(383, 'Quang Trung', 'HCM', 704, '452', '72590'),
	(384, 'Quang Trung', 'HCM', 704, '545', '76465'),
	(385, 'Quang Trung', 'HCM', 704, '815', '77719'),
	(386, 'Quang Trung', 'HCM', 704, '605', '78727'),
	(387, 'Quang Trung', 'HCM', 704, '160', '76826'),
	(388, 'Quang Trung', 'HCM', 704, '306', '71742'),
	(389, 'Quang Trung', 'HCM', 704, '350', '70832'),
	(390, 'Quang Trung', 'HCM', 704, '586', '75335'),
	(391, 'Quang Trung', 'HCM', 704, '494', '71999'),
	(392, 'Quang Trung', 'HCM', 704, '801', '72495'),
	(393, 'Quang Trung', 'HCM', 704, '958', '78261'),
	(394, 'Quang Trung', 'HCM', 704, '724', '72385'),
	(395, 'Quang Trung', 'HCM', 704, '37', '71239'),
	(396, 'Quang Trung', 'HCM', 704, '145', '79986'),
	(397, 'Quang Trung', 'HCM', 704, '99', '79122'),
	(398, 'Quang Trung', 'HCM', 704, '933', '77648'),
	(399, 'Quang Trung', 'HCM', 704, '140', '76118'),
	(400, 'Quang Trung', 'HCM', 704, '707', '72062'),
	(401, 'Quang Trung', 'HCM', 704, '323', '76898'),
	(402, 'Quang Trung', 'HCM', 704, '552', '73607'),
	(403, 'Quang Trung', 'HCM', 704, '194', '76887'),
	(404, 'Quang Trung', 'HCM', 704, '573', '71734'),
	(405, 'Quang Trung', 'HCM', 704, '986', '75365'),
	(406, 'Quang Trung', 'HCM', 704, '20', '71383'),
	(407, 'Quang Trung', 'HCM', 704, '290', '79700'),
	(408, 'Quang Trung', 'HCM', 704, '898', '74421'),
	(409, 'Quang Trung', 'HCM', 704, '851', '72168'),
	(410, 'Quang Trung', 'HCM', 704, '710', '78504'),
	(411, 'Quang Trung', 'HCM', 704, '481', '78253'),
	(412, 'Quang Trung', 'HCM', 704, '557', '74177'),
	(413, 'Quang Trung', 'HCM', 704, '301', '75939'),
	(414, 'Quang Trung', 'HCM', 704, '299', '78300'),
	(415, 'Quang Trung', 'HCM', 704, '496', '76446'),
	(416, 'Quang Trung', 'HCM', 704, '662', '73899'),
	(417, 'Quang Trung', 'HCM', 704, '471', '78004'),
	(418, 'Quang Trung', 'HCM', 704, '917', '70754'),
	(419, 'Quang Trung', 'HCM', 704, '364', '72460'),
	(420, 'Quang Trung', 'HCM', 704, '44', '71931'),
	(421, 'Quang Trung', 'HCM', 704, '48', '70376'),
	(422, 'Quang Trung', 'HCM', 704, '726', '79328'),
	(423, 'Quang Trung', 'HCM', 704, '195', '78903'),
	(424, 'Quang Trung', 'HCM', 704, '442', '73895'),
	(425, 'Quang Trung', 'HCM', 704, '32', '73793'),
	(426, 'Quang Trung', 'HCM', 704, '84', '78566'),
	(427, 'Quang Trung', 'HCM', 704, '51', '71400'),
	(428, 'Quang Trung', 'HCM', 704, '613', '72060'),
	(429, 'Quang Trung', 'HCM', 704, '806', '75503'),
	(430, 'Quang Trung', 'HCM', 704, '622', '75345'),
	(431, 'Quang Trung', 'HCM', 704, '331', '72066'),
	(432, 'Quang Trung', 'HCM', 704, '275', '70770'),
	(433, 'Quang Trung', 'HCM', 704, '782', '77595'),
	(434, 'Quang Trung', 'HCM', 704, '914', '76532'),
	(435, 'Quang Trung', 'HCM', 704, '367', '77700'),
	(436, 'Quang Trung', 'HCM', 704, '874', '78107'),
	(437, 'Quang Trung', 'HCM', 704, '587', '75381'),
	(438, 'Quang Trung', 'HCM', 704, '581', '71550'),
	(439, 'Quang Trung', 'HCM', 704, '621', '71555'),
	(440, 'Quang Trung', 'HCM', 704, '576', '73683'),
	(441, 'Quang Trung', 'HCM', 704, '928', '74732'),
	(442, 'Quang Trung', 'HCM', 704, '198', '72169'),
	(443, 'Quang Trung', 'HCM', 704, '513', '76339'),
	(444, 'Quang Trung', 'HCM', 704, '830', '74591'),
	(445, 'Quang Trung', 'HCM', 704, '82', '72885'),
	(446, 'Quang Trung', 'HCM', 704, '249', '79224'),
	(447, 'Quang Trung', 'HCM', 704, '223', '75071'),
	(448, 'Quang Trung', 'HCM', 704, '133', '70624'),
	(449, 'Quang Trung', 'HCM', 704, '47', '76401'),
	(450, 'Quang Trung', 'HCM', 704, '695', '71895'),
	(451, 'Quang Trung', 'HCM', 704, '800', '72362'),
	(452, 'Quang Trung', 'HCM', 704, '695', '71504'),
	(453, 'Quang Trung', 'HCM', 704, '519', '72025'),
	(454, 'Quang Trung', 'HCM', 704, '546', '75694'),
	(455, 'Quang Trung', 'HCM', 704, '63', '76183'),
	(456, 'Quang Trung', 'HCM', 704, '527', '71491'),
	(457, 'Quang Trung', 'HCM', 704, '494', '78692'),
	(458, 'Quang Trung', 'HCM', 704, '752', '70045'),
	(459, 'Quang Trung', 'HCM', 704, '63', '76556'),
	(460, 'Quang Trung', 'HCM', 704, '83', '70198'),
	(461, 'Quang Trung', 'HCM', 704, '655', '77055'),
	(462, 'Quang Trung', 'HCM', 704, '340', '78959'),
	(463, 'Quang Trung', 'HCM', 704, '151', '77471'),
	(464, 'Quang Trung', 'HCM', 704, '862', '75537'),
	(465, 'Quang Trung', 'HCM', 704, '655', '71202'),
	(466, 'Quang Trung', 'HCM', 704, '627', '74554'),
	(467, 'Quang Trung', 'HCM', 704, '592', '79612'),
	(468, 'Quang Trung', 'HCM', 704, '673', '74727'),
	(469, 'Quang Trung', 'HCM', 704, '388', '78320'),
	(470, 'Quang Trung', 'HCM', 704, '878', '71499'),
	(471, 'Quang Trung', 'HCM', 704, '798', '74572'),
	(472, 'Quang Trung', 'HCM', 704, '552', '73188'),
	(473, 'Quang Trung', 'HCM', 704, '926', '70278'),
	(474, 'Quang Trung', 'HCM', 704, '805', '79341'),
	(475, 'Quang Trung', 'HCM', 704, '347', '71982'),
	(476, 'Quang Trung', 'HCM', 704, '592', '72940'),
	(477, 'Quang Trung', 'HCM', 704, '718', '70730'),
	(478, 'Quang Trung', 'HCM', 704, '783', '71538'),
	(479, 'Quang Trung', 'HCM', 704, '296', '78336'),
	(480, 'Quang Trung', 'HCM', 704, '984', '75953'),
	(481, 'Quang Trung', 'HCM', 704, '307', '72363'),
	(482, 'Quang Trung', 'HCM', 704, '740', '73542'),
	(483, 'Quang Trung', 'HCM', 704, '112', '70950'),
	(484, 'Quang Trung', 'HCM', 704, '191', '72125'),
	(485, 'Quang Trung', 'HCM', 704, '717', '77814'),
	(486, 'Quang Trung', 'HCM', 704, '553', '77170'),
	(487, 'Quang Trung', 'HCM', 704, '177', '75663'),
	(488, 'Quang Trung', 'HCM', 704, '882', '76130'),
	(489, 'Quang Trung', 'HCM', 704, '231', '70542'),
	(490, 'Quang Trung', 'HCM', 704, '334', '71093'),
	(491, 'Quang Trung', 'HCM', 704, '112', '74774'),
	(492, 'Quang Trung', 'HCM', 704, '734', '70735'),
	(493, 'Quang Trung', 'HCM', 704, '376', '75169'),
	(494, 'Quang Trung', 'HCM', 704, '46', '74395'),
	(495, 'Quang Trung', 'HCM', 704, '398', '78973'),
	(496, 'Quang Trung', 'HCM', 704, '785', '75756'),
	(497, 'Quang Trung', 'HCM', 704, '950', '79112'),
	(498, 'Quang Trung', 'HCM', 704, '465', '73449'),
	(499, 'Quang Trung', 'HCM', 704, '259', '77378'),
	(500, 'Quang Trung', 'HCM', 704, '124', '72156'),
	(501, 'Quang Trung', 'HCM', 704, '470', '70918'),
	(502, 'Quang Trung', 'HCM', 704, '321', '72638'),
	(503, 'Quang Trung', 'HCM', 704, '62', '71165'),
	(504, 'Quang Trung', 'HCM', 704, '3', '71593'),
	(505, 'Quang Trung', 'HCM', 704, '628', '74519'),
	(506, 'Quang Trung', 'HCM', 704, '458', '79266'),
	(507, 'Quang Trung', 'HCM', 704, '363', '71358'),
	(508, 'Quang Trung', 'HCM', 704, '879', '74522'),
	(509, 'Quang Trung', 'HCM', 704, '889', '70689'),
	(510, 'Quang Trung', 'HCM', 704, '760', '75897'),
	(511, 'Quang Trung', 'HCM', 704, '564', '70690'),
	(512, 'Quang Trung', 'HCM', 704, '278', '73086'),
	(513, 'Quang Trung', 'HCM', 704, '219', '74005'),
	(514, 'Quang Trung', 'HCM', 704, '994', '72687'),
	(515, 'Quang Trung', 'HCM', 704, '632', '74046'),
	(516, 'Quang Trung', 'HCM', 704, '460', '71681'),
	(517, 'Quang Trung', 'HCM', 704, '854', '79149'),
	(518, 'Quang Trung', 'HCM', 704, '138', '77083'),
	(519, 'Quang Trung', 'HCM', 704, '754', '75408'),
	(520, 'Quang Trung', 'HCM', 704, '798', '72852'),
	(521, 'Quang Trung', 'HCM', 704, '213', '76478'),
	(522, 'Quang Trung', 'HCM', 704, '969', '75759'),
	(523, 'Quang Trung', 'HCM', 704, '900', '70564'),
	(524, 'Quang Trung', 'HCM', 704, '239', '73976'),
	(525, 'Quang Trung', 'HCM', 704, '700', '76598'),
	(526, 'Quang Trung', 'HCM', 704, '352', '78901'),
	(527, 'Quang Trung', 'HCM', 704, '436', '73307'),
	(528, 'Quang Trung', 'HCM', 704, '914', '71043'),
	(529, 'Quang Trung', 'HCM', 704, '586', '70669'),
	(530, 'Quang Trung', 'HCM', 704, '163', '78834'),
	(531, 'Quang Trung', 'HCM', 704, '576', '72068'),
	(532, 'Quang Trung', 'HCM', 704, '532', '77511'),
	(533, 'Quang Trung', 'HCM', 704, '785', '75303'),
	(534, 'Quang Trung', 'HCM', 704, '475', '78758'),
	(535, 'Quang Trung', 'HCM', 704, '494', '78006'),
	(536, 'Quang Trung', 'HCM', 704, '855', '71425'),
	(537, 'Quang Trung', 'HCM', 704, '488', '74446'),
	(538, 'Quang Trung', 'HCM', 704, '523', '75913'),
	(539, 'Quang Trung', 'HCM', 704, '932', '74498'),
	(540, 'Quang Trung', 'HCM', 704, '409', '73222'),
	(541, 'Quang Trung', 'HCM', 704, '760', '78731'),
	(542, 'Quang Trung', 'HCM', 704, '241', '77741'),
	(543, 'Quang Trung', 'HCM', 704, '692', '79893'),
	(544, 'Quang Trung', 'HCM', 704, '239', '75895'),
	(545, 'Quang Trung', 'HCM', 704, '249', '78029'),
	(546, 'Quang Trung', 'HCM', 704, '414', '71681'),
	(547, 'Quang Trung', 'HCM', 704, '763', '78290'),
	(548, 'Quang Trung', 'HCM', 704, '974', '75420'),
	(549, 'Quang Trung', 'HCM', 704, '665', '75599'),
	(550, 'Quang Trung', 'HCM', 704, '479', '79882'),
	(551, 'Quang Trung', 'HCM', 704, '715', '76154'),
	(552, 'Quang Trung', 'HCM', 704, '246', '75307'),
	(553, 'Quang Trung', 'HCM', 704, '398', '74341'),
	(554, 'Quang Trung', 'HCM', 704, '257', '74570'),
	(555, 'Quang Trung', 'HCM', 704, '489', '72806'),
	(556, 'Quang Trung', 'HCM', 704, '94', '71200'),
	(557, 'Quang Trung', 'HCM', 704, '613', '74525'),
	(558, 'Quang Trung', 'HCM', 704, '827', '77469'),
	(559, 'Quang Trung', 'HCM', 704, '508', '70490'),
	(560, 'Quang Trung', 'HCM', 704, '850', '78005'),
	(561, 'Quang Trung', 'HCM', 704, '735', '73089'),
	(562, 'Quang Trung', 'HCM', 704, '8', '76853'),
	(563, 'Quang Trung', 'HCM', 704, '294', '73171'),
	(564, 'Quang Trung', 'HCM', 704, '205', '74651'),
	(565, 'Quang Trung', 'HCM', 704, '298', '73170'),
	(566, 'Quang Trung', 'HCM', 704, '412', '79380'),
	(567, 'Quang Trung', 'HCM', 704, '468', '77848'),
	(568, 'Quang Trung', 'HCM', 704, '162', '73613'),
	(569, 'Quang Trung', 'HCM', 704, '263', '72300'),
	(570, 'Quang Trung', 'HCM', 704, '76', '75473'),
	(571, 'Quang Trung', 'HCM', 704, '899', '76843'),
	(572, 'Quang Trung', 'HCM', 704, '944', '78515'),
	(573, 'Quang Trung', 'HCM', 704, '528', '70280'),
	(574, 'Quang Trung', 'HCM', 704, '760', '70975'),
	(575, 'Quang Trung', 'HCM', 704, '300', '76536'),
	(576, 'Quang Trung', 'HCM', 704, '309', '74731'),
	(577, 'Quang Trung', 'HCM', 704, '273', '77748'),
	(578, 'Quang Trung', 'HCM', 704, '845', '72684'),
	(579, 'Quang Trung', 'HCM', 704, '648', '73091'),
	(580, 'Quang Trung', 'HCM', 704, '594', '76111'),
	(581, 'Quang Trung', 'HCM', 704, '233', '79995'),
	(582, 'Quang Trung', 'HCM', 704, '63', '77983'),
	(583, 'Quang Trung', 'HCM', 704, '291', '75821'),
	(584, 'Quang Trung', 'HCM', 704, '440', '72149'),
	(585, 'Quang Trung', 'HCM', 704, '635', '73106'),
	(586, 'Quang Trung', 'HCM', 704, '239', '78376'),
	(587, 'Quang Trung', 'HCM', 704, '91', '72766'),
	(588, 'Quang Trung', 'HCM', 704, '423', '77049'),
	(589, 'Quang Trung', 'HCM', 704, '785', '72311'),
	(590, 'Quang Trung', 'HCM', 704, '277', '72034'),
	(591, 'Quang Trung', 'HCM', 704, '197', '71562'),
	(592, 'Quang Trung', 'HCM', 704, '382', '74275'),
	(593, 'Quang Trung', 'HCM', 704, '728', '75811'),
	(594, 'Quang Trung', 'HCM', 704, '596', '71314'),
	(595, 'Quang Trung', 'HCM', 704, '192', '78766'),
	(596, 'Quang Trung', 'HCM', 704, '314', '75254'),
	(597, 'Quang Trung', 'HCM', 704, '253', '71815'),
	(598, 'Quang Trung', 'HCM', 704, '74', '72935'),
	(599, 'Quang Trung', 'HCM', 704, '564', '74963'),
	(600, 'Quang Trung', 'HCM', 704, '673', '78333'),
	(601, 'Quang Trung', 'HCM', 704, '73', '74097'),
	(602, 'Quang Trung', 'HCM', 704, '736', '78555'),
	(603, 'Quang Trung', 'HCM', 704, '788', '79945'),
	(604, 'Quang Trung', 'HCM', 704, '673', '77007'),
	(605, 'Quang Trung', 'HCM', 704, '877', '70295'),
	(606, 'Quang Trung', 'HCM', 704, '369', '70799'),
	(607, 'Quang Trung', 'HCM', 704, '475', '74476'),
	(608, 'Quang Trung', 'HCM', 704, '483', '75978'),
	(609, 'Quang Trung', 'HCM', 704, '552', '75785'),
	(610, 'Quang Trung', 'HCM', 704, '819', '77490'),
	(611, 'Quang Trung', 'HCM', 704, '340', '74561'),
	(612, 'Quang Trung', 'HCM', 704, '750', '70522'),
	(613, 'Quang Trung', 'HCM', 704, '728', '70802'),
	(614, 'Quang Trung', 'HCM', 704, '478', '75065'),
	(615, 'Quang Trung', 'HCM', 704, '984', '74120'),
	(616, 'Quang Trung', 'HCM', 704, '386', '73282'),
	(617, 'Quang Trung', 'HCM', 704, '211', '71398'),
	(618, 'Quang Trung', 'HCM', 704, '401', '74166'),
	(619, 'Quang Trung', 'HCM', 704, '839', '73833'),
	(620, 'Quang Trung', 'HCM', 704, '87', '77536'),
	(621, 'Quang Trung', 'HCM', 704, '311', '74500'),
	(622, 'Quang Trung', 'HCM', 704, '494', '73348'),
	(623, 'Quang Trung', 'HCM', 704, '126', '72650'),
	(624, 'Quang Trung', 'HCM', 704, '173', '77100'),
	(625, 'Quang Trung', 'HCM', 704, '478', '73187'),
	(626, 'Quang Trung', 'HCM', 704, '99', '70792'),
	(627, 'Quang Trung', 'HCM', 704, '879', '74854'),
	(628, 'Quang Trung', 'HCM', 704, '257', '78121'),
	(629, 'Quang Trung', 'HCM', 704, '954', '77431'),
	(630, 'Quang Trung', 'HCM', 704, '569', '76400'),
	(631, 'Quang Trung', 'HCM', 704, '695', '71494'),
	(632, 'Quang Trung', 'HCM', 704, '289', '75008'),
	(633, 'Quang Trung', 'HCM', 704, '106', '76365'),
	(634, 'Quang Trung', 'HCM', 704, '543', '73158'),
	(635, 'Quang Trung', 'HCM', 704, '887', '70379'),
	(636, 'Quang Trung', 'HCM', 704, '59', '74906'),
	(637, 'Quang Trung', 'HCM', 704, '579', '75209'),
	(638, 'Quang Trung', 'HCM', 704, '102', '75565'),
	(639, 'Quang Trung', 'HCM', 704, '738', '70416'),
	(640, 'Quang Trung', 'HCM', 704, '999', '76038'),
	(641, 'Quang Trung', 'HCM', 704, '963', '70269'),
	(642, 'Quang Trung', 'HCM', 704, '939', '70961'),
	(643, 'Quang Trung', 'HCM', 704, '649', '71179'),
	(644, 'Quang Trung', 'HCM', 704, '809', '75181'),
	(645, 'Quang Trung', 'HCM', 704, '356', '78228'),
	(646, 'Quang Trung', 'HCM', 704, '881', '70153'),
	(647, 'Quang Trung', 'HCM', 704, '532', '77947'),
	(648, 'Quang Trung', 'HCM', 704, '89', '79843'),
	(649, 'Quang Trung', 'HCM', 704, '550', '76913'),
	(650, 'Quang Trung', 'HCM', 704, '146', '78983'),
	(651, 'Quang Trung', 'HCM', 704, '233', '74074'),
	(652, 'Quang Trung', 'HCM', 704, '844', '79672'),
	(653, 'Quang Trung', 'HCM', 704, '776', '79683'),
	(654, 'Quang Trung', 'HCM', 704, '371', '70117'),
	(655, 'Quang Trung', 'HCM', 704, '467', '75483'),
	(656, 'Quang Trung', 'HCM', 704, '139', '76498'),
	(657, 'Quang Trung', 'HCM', 704, '461', '76195'),
	(658, 'Quang Trung', 'HCM', 704, '64', '76648'),
	(659, 'Quang Trung', 'HCM', 704, '521', '76539'),
	(660, 'Quang Trung', 'HCM', 704, '4', '73843'),
	(661, 'Quang Trung', 'HCM', 704, '833', '75666'),
	(662, 'Quang Trung', 'HCM', 704, '464', '71247'),
	(663, 'Quang Trung', 'HCM', 704, '636', '70258'),
	(664, 'Quang Trung', 'HCM', 704, '957', '75799'),
	(665, 'Quang Trung', 'HCM', 704, '638', '71903'),
	(666, 'Quang Trung', 'HCM', 704, '30', '79507'),
	(667, 'Quang Trung', 'HCM', 704, '844', '79442'),
	(668, 'Quang Trung', 'HCM', 704, '452', '73157'),
	(669, 'Quang Trung', 'HCM', 704, '462', '76718'),
	(670, 'Quang Trung', 'HCM', 704, '972', '76840'),
	(671, 'Quang Trung', 'HCM', 704, '332', '77109'),
	(672, 'Quang Trung', 'HCM', 704, '39', '76348'),
	(673, 'Quang Trung', 'HCM', 704, '341', '77472'),
	(674, 'Quang Trung', 'HCM', 704, '884', '77273'),
	(675, 'Quang Trung', 'HCM', 704, '735', '78610'),
	(676, 'Quang Trung', 'HCM', 704, '611', '79143'),
	(677, 'Quang Trung', 'HCM', 704, '261', '79232'),
	(678, 'Quang Trung', 'HCM', 704, '720', '77327'),
	(679, 'Quang Trung', 'HCM', 704, '754', '77816'),
	(680, 'Quang Trung', 'HCM', 704, '481', '70504'),
	(681, 'Quang Trung', 'HCM', 704, '241', '79458'),
	(682, 'Quang Trung', 'HCM', 704, '20', '71081'),
	(683, 'Quang Trung', 'HCM', 704, '818', '77791'),
	(684, 'Quang Trung', 'HCM', 704, '816', '73055'),
	(685, 'Quang Trung', 'HCM', 704, '520', '74277'),
	(686, 'Quang Trung', 'HCM', 704, '859', '72691'),
	(687, 'Quang Trung', 'HCM', 704, '4', '75980'),
	(688, 'Quang Trung', 'HCM', 704, '906', '71074'),
	(689, 'Quang Trung', 'HCM', 704, '342', '77761'),
	(690, 'Quang Trung', 'HCM', 704, '725', '71953'),
	(691, 'Quang Trung', 'HCM', 704, '840', '75532'),
	(692, 'Quang Trung', 'HCM', 704, '540', '79573'),
	(693, 'Quang Trung', 'HCM', 704, '834', '74984'),
	(694, 'Quang Trung', 'HCM', 704, '968', '78547'),
	(695, 'Quang Trung', 'HCM', 704, '62', '74679'),
	(696, 'Quang Trung', 'HCM', 704, '646', '72018'),
	(697, 'Quang Trung', 'HCM', 704, '65', '78343'),
	(698, 'Quang Trung', 'HCM', 704, '608', '79442'),
	(699, 'Quang Trung', 'HCM', 704, '681', '71181'),
	(700, 'Quang Trung', 'HCM', 704, '989', '76320'),
	(701, 'Quang Trung', 'HCM', 704, '519', '71893'),
	(702, 'Quang Trung', 'HCM', 704, '87', '74033'),
	(703, 'Quang Trung', 'HCM', 704, '821', '76523'),
	(704, 'Quang Trung', 'HCM', 704, '768', '78255'),
	(705, 'Quang Trung', 'HCM', 704, '659', '74417'),
	(706, 'Quang Trung', 'HCM', 704, '153', '75179'),
	(707, 'Quang Trung', 'HCM', 704, '403', '75302'),
	(708, 'Quang Trung', 'HCM', 704, '323', '76985'),
	(709, 'Quang Trung', 'HCM', 704, '986', '79111'),
	(710, 'Quang Trung', 'HCM', 704, '685', '77034'),
	(711, 'Quang Trung', 'HCM', 704, '351', '78717'),
	(712, 'Quang Trung', 'HCM', 704, '963', '79633'),
	(713, 'Quang Trung', 'HCM', 704, '537', '78682'),
	(714, 'Quang Trung', 'HCM', 704, '397', '77548'),
	(715, 'Quang Trung', 'HCM', 704, '429', '78009'),
	(716, 'Quang Trung', 'HCM', 704, '727', '76853'),
	(717, 'Quang Trung', 'HCM', 704, '57', '72617'),
	(718, 'Quang Trung', 'HCM', 704, '120', '78622'),
	(719, 'Quang Trung', 'HCM', 704, '710', '79294'),
	(720, 'Quang Trung', 'HCM', 704, '733', '79359'),
	(721, 'Quang Trung', 'HCM', 704, '601', '75357'),
	(722, 'Quang Trung', 'HCM', 704, '361', '71332'),
	(723, 'Quang Trung', 'HCM', 704, '603', '70330'),
	(724, 'Quang Trung', 'HCM', 704, '9', '72814'),
	(725, 'Quang Trung', 'HCM', 704, '745', '78104'),
	(726, 'Quang Trung', 'HCM', 704, '925', '79453'),
	(727, 'Quang Trung', 'HCM', 704, '908', '72468'),
	(728, 'Quang Trung', 'HCM', 704, '192', '76736'),
	(729, 'Quang Trung', 'HCM', 704, '555', '73974'),
	(730, 'Quang Trung', 'HCM', 704, '977', '73075'),
	(731, 'Quang Trung', 'HCM', 704, '434', '74862'),
	(732, 'Quang Trung', 'HCM', 704, '283', '71291'),
	(733, 'Quang Trung', 'HCM', 704, '214', '70559'),
	(734, 'Quang Trung', 'HCM', 704, '833', '78983'),
	(735, 'Quang Trung', 'HCM', 704, '455', '73922'),
	(736, 'Quang Trung', 'HCM', 704, '248', '79853'),
	(737, 'Quang Trung', 'HCM', 704, '696', '70641'),
	(738, 'Quang Trung', 'HCM', 704, '706', '71479'),
	(739, 'Quang Trung', 'HCM', 704, '903', '74662'),
	(740, 'Quang Trung', 'HCM', 704, '614', '73522'),
	(741, 'Quang Trung', 'HCM', 704, '61', '76568'),
	(742, 'Quang Trung', 'HCM', 704, '256', '73978'),
	(743, 'Quang Trung', 'HCM', 704, '230', '74730'),
	(744, 'Quang Trung', 'HCM', 704, '541', '74477'),
	(745, 'Quang Trung', 'HCM', 704, '25', '79752'),
	(746, 'Quang Trung', 'HCM', 704, '626', '70001'),
	(747, 'Quang Trung', 'HCM', 704, '801', '76343'),
	(748, 'Quang Trung', 'HCM', 704, '289', '78636'),
	(749, 'Quang Trung', 'HCM', 704, '385', '75264'),
	(750, 'Quang Trung', 'HCM', 704, '592', '70887'),
	(751, 'Quang Trung', 'HCM', 704, '744', '74817'),
	(752, 'Quang Trung', 'HCM', 704, '139', '75687'),
	(753, 'Quang Trung', 'HCM', 704, '953', '73688'),
	(754, 'Quang Trung', 'HCM', 704, '798', '74417'),
	(755, 'Quang Trung', 'HCM', 704, '299', '73781'),
	(756, 'Quang Trung', 'HCM', 704, '636', '79775'),
	(757, 'Quang Trung', 'HCM', 704, '482', '75299'),
	(758, 'Quang Trung', 'HCM', 704, '614', '74829'),
	(759, 'Quang Trung', 'HCM', 704, '466', '72922'),
	(760, 'Quang Trung', 'HCM', 704, '6', '71138'),
	(761, 'Quang Trung', 'HCM', 704, '607', '75292'),
	(762, 'Quang Trung', 'HCM', 704, '866', '79061'),
	(763, 'Quang Trung', 'HCM', 704, '550', '77522'),
	(764, 'Quang Trung', 'HCM', 704, '837', '78949'),
	(765, 'Quang Trung', 'HCM', 704, '103', '73579'),
	(766, 'Quang Trung', 'HCM', 704, '208', '78763'),
	(767, 'Quang Trung', 'HCM', 704, '135', '74745'),
	(768, 'Quang Trung', 'HCM', 704, '276', '76327'),
	(769, 'Quang Trung', 'HCM', 704, '20', '74383'),
	(770, 'Quang Trung', 'HCM', 704, '513', '76349'),
	(771, 'Quang Trung', 'HCM', 704, '208', '75187'),
	(772, 'Quang Trung', 'HCM', 704, '29', '77555'),
	(773, 'Quang Trung', 'HCM', 704, '183', '76996'),
	(774, 'Quang Trung', 'HCM', 704, '384', '74849'),
	(775, 'Quang Trung', 'HCM', 704, '791', '71712'),
	(776, 'Quang Trung', 'HCM', 704, '464', '77852'),
	(777, 'Quang Trung', 'HCM', 704, '481', '75614'),
	(778, 'Quang Trung', 'HCM', 704, '944', '70376'),
	(779, 'Quang Trung', 'HCM', 704, '7', '78122'),
	(780, 'Quang Trung', 'HCM', 704, '372', '79522'),
	(781, 'Quang Trung', 'HCM', 704, '924', '78218'),
	(782, 'Quang Trung', 'HCM', 704, '199', '74318'),
	(783, 'Quang Trung', 'HCM', 704, '538', '74804'),
	(784, 'Quang Trung', 'HCM', 704, '185', '74170'),
	(785, 'Quang Trung', 'HCM', 704, '613', '78162'),
	(786, 'Quang Trung', 'HCM', 704, '817', '78455'),
	(787, 'Quang Trung', 'HCM', 704, '831', '76028'),
	(788, 'Quang Trung', 'HCM', 704, '236', '79224'),
	(789, 'Quang Trung', 'HCM', 704, '55', '72248'),
	(790, 'Quang Trung', 'HCM', 704, '656', '71202'),
	(791, 'Quang Trung', 'HCM', 704, '777', '73241'),
	(792, 'Quang Trung', 'HCM', 704, '468', '79896'),
	(793, 'Quang Trung', 'HCM', 704, '777', '79241'),
	(794, 'Quang Trung', 'HCM', 704, '671', '71320'),
	(795, 'Quang Trung', 'HCM', 704, '585', '70972'),
	(796, 'Quang Trung', 'HCM', 704, '782', '74702'),
	(797, 'Quang Trung', 'HCM', 704, '779', '73946'),
	(798, 'Quang Trung', 'HCM', 704, '235', '75741'),
	(799, 'Quang Trung', 'HCM', 704, '412', '75920'),
	(800, 'Quang Trung', 'HCM', 704, '83', '77676'),
	(801, 'Quang Trung', 'HCM', 704, '9', '72525'),
	(802, 'Quang Trung', 'HCM', 704, '390', '74044'),
	(803, 'Quang Trung', 'HCM', 704, '986', '78924'),
	(804, 'Quang Trung', 'HCM', 704, '514', '77596'),
	(805, 'Quang Trung', 'HCM', 704, '765', '75851'),
	(806, 'Quang Trung', 'HCM', 704, '721', '77085'),
	(807, 'Quang Trung', 'HCM', 704, '212', '79135'),
	(808, 'Quang Trung', 'HCM', 704, '419', '71744'),
	(809, 'Quang Trung', 'HCM', 704, '745', '72729'),
	(810, 'Quang Trung', 'HCM', 704, '115', '72097'),
	(811, 'Quang Trung', 'HCM', 704, '893', '74082'),
	(812, 'Quang Trung', 'HCM', 704, '459', '78487'),
	(813, 'Quang Trung', 'HCM', 704, '907', '76695'),
	(814, 'Quang Trung', 'HCM', 704, '766', '72003'),
	(815, 'Quang Trung', 'HCM', 704, '401', '74856'),
	(816, 'Quang Trung', 'HCM', 704, '775', '74649'),
	(817, 'Quang Trung', 'HCM', 704, '921', '72107'),
	(818, 'Quang Trung', 'HCM', 704, '460', '78999'),
	(819, 'Quang Trung', 'HCM', 704, '115', '72016'),
	(820, 'Quang Trung', 'HCM', 704, '209', '78073'),
	(821, 'Quang Trung', 'HCM', 704, '677', '79752'),
	(822, 'Quang Trung', 'HCM', 704, '56', '72221'),
	(823, 'Quang Trung', 'HCM', 704, '840', '74944'),
	(824, 'Quang Trung', 'HCM', 704, '686', '72993'),
	(825, 'Quang Trung', 'HCM', 704, '999', '79884'),
	(826, 'Quang Trung', 'HCM', 704, '690', '71950'),
	(827, 'Quang Trung', 'HCM', 704, '393', '75226'),
	(828, 'Quang Trung', 'HCM', 704, '524', '70072'),
	(829, 'Quang Trung', 'HCM', 704, '576', '78652'),
	(830, 'Quang Trung', 'HCM', 704, '366', '78556'),
	(831, 'Quang Trung', 'HCM', 704, '659', '70921'),
	(832, 'Quang Trung', 'HCM', 704, '508', '79117'),
	(833, 'Quang Trung', 'HCM', 704, '479', '79544'),
	(834, 'Quang Trung', 'HCM', 704, '473', '72756'),
	(835, 'Quang Trung', 'HCM', 704, '83', '79906'),
	(836, 'Quang Trung', 'HCM', 704, '285', '70140'),
	(837, 'Quang Trung', 'HCM', 704, '352', '75516'),
	(838, 'Quang Trung', 'HCM', 704, '659', '73839'),
	(839, 'Quang Trung', 'HCM', 704, '360', '79191'),
	(840, 'Quang Trung', 'HCM', 704, '806', '78167'),
	(841, 'Quang Trung', 'HCM', 704, '657', '73276'),
	(842, 'Quang Trung', 'HCM', 704, '258', '73099'),
	(843, 'Quang Trung', 'HCM', 704, '826', '71902'),
	(844, 'Quang Trung', 'HCM', 704, '896', '78396'),
	(845, 'Quang Trung', 'HCM', 704, '234', '75221'),
	(846, 'Quang Trung', 'HCM', 704, '593', '71781'),
	(847, 'Quang Trung', 'HCM', 704, '155', '74365'),
	(848, 'Quang Trung', 'HCM', 704, '708', '74836'),
	(849, 'Quang Trung', 'HCM', 704, '842', '78418'),
	(850, 'Quang Trung', 'HCM', 704, '663', '74336'),
	(851, 'Quang Trung', 'HCM', 704, '562', '76256'),
	(852, 'Quang Trung', 'HCM', 704, '973', '72465'),
	(853, 'Quang Trung', 'HCM', 704, '194', '74227'),
	(854, 'Quang Trung', 'HCM', 704, '23', '79133'),
	(855, 'Quang Trung', 'HCM', 704, '370', '72959'),
	(856, 'Quang Trung', 'HCM', 704, '525', '74686'),
	(857, 'Quang Trung', 'HCM', 704, '115', '79638'),
	(858, 'Quang Trung', 'HCM', 704, '273', '70709'),
	(859, 'Quang Trung', 'HCM', 704, '460', '72860'),
	(860, 'Quang Trung', 'HCM', 704, '403', '76945'),
	(861, 'Quang Trung', 'HCM', 704, '430', '71600'),
	(862, 'Quang Trung', 'HCM', 704, '956', '76713'),
	(863, 'Quang Trung', 'HCM', 704, '868', '79250'),
	(864, 'Quang Trung', 'HCM', 704, '652', '71450'),
	(865, 'Quang Trung', 'HCM', 704, '66', '71987'),
	(866, 'Quang Trung', 'HCM', 704, '729', '74439'),
	(867, 'Quang Trung', 'HCM', 704, '757', '75253'),
	(868, 'Quang Trung', 'HCM', 704, '552', '76276'),
	(869, 'Quang Trung', 'HCM', 704, '211', '79560'),
	(870, 'Quang Trung', 'HCM', 704, '314', '71862'),
	(871, 'Quang Trung', 'HCM', 704, '852', '73159'),
	(872, 'Quang Trung', 'HCM', 704, '885', '73649'),
	(873, 'Quang Trung', 'HCM', 704, '438', '71893'),
	(874, 'Quang Trung', 'HCM', 704, '726', '79767'),
	(875, 'Quang Trung', 'HCM', 704, '235', '70543'),
	(876, 'Quang Trung', 'HCM', 704, '707', '75777'),
	(877, 'Quang Trung', 'HCM', 704, '782', '78647'),
	(878, 'Quang Trung', 'HCM', 704, '389', '72580'),
	(879, 'Quang Trung', 'HCM', 704, '632', '71522'),
	(880, 'Quang Trung', 'HCM', 704, '612', '70795'),
	(881, 'Quang Trung', 'HCM', 704, '638', '78599'),
	(882, 'Quang Trung', 'HCM', 704, '613', '78004'),
	(883, 'Quang Trung', 'HCM', 704, '605', '72157'),
	(884, 'Quang Trung', 'HCM', 704, '44', '70720'),
	(885, 'Quang Trung', 'HCM', 704, '543', '72888'),
	(886, 'Quang Trung', 'HCM', 704, '504', '71364'),
	(887, 'Quang Trung', 'HCM', 704, '890', '74680'),
	(888, 'Quang Trung', 'HCM', 704, '319', '79854'),
	(889, 'Quang Trung', 'HCM', 704, '825', '77894'),
	(890, 'Quang Trung', 'HCM', 704, '103', '73405'),
	(891, 'Quang Trung', 'HCM', 704, '742', '78739'),
	(892, 'Quang Trung', 'HCM', 704, '984', '77337'),
	(893, 'Quang Trung', 'HCM', 704, '507', '77303'),
	(894, 'Quang Trung', 'HCM', 704, '736', '70675'),
	(895, 'Quang Trung', 'HCM', 704, '178', '77915'),
	(896, 'Quang Trung', 'HCM', 704, '93', '70578'),
	(897, 'Quang Trung', 'HCM', 704, '924', '79244'),
	(898, 'Quang Trung', 'HCM', 704, '34', '72835'),
	(899, 'Quang Trung', 'HCM', 704, '617', '71781'),
	(900, 'Quang Trung', 'HCM', 704, '928', '76371'),
	(901, 'Quang Trung', 'HCM', 704, '235', '79663'),
	(902, 'Quang Trung', 'HCM', 704, '529', '70179'),
	(903, 'Quang Trung', 'HCM', 704, '768', '72335'),
	(904, 'Quang Trung', 'HCM', 704, '943', '70975'),
	(905, 'Quang Trung', 'HCM', 704, '246', '75925'),
	(906, 'Quang Trung', 'HCM', 704, '136', '78132'),
	(907, 'Quang Trung', 'HCM', 704, '702', '76437'),
	(908, 'Quang Trung', 'HCM', 704, '454', '75973'),
	(909, 'Quang Trung', 'HCM', 704, '631', '73243'),
	(910, 'Quang Trung', 'HCM', 704, '162', '73682'),
	(911, 'Quang Trung', 'HCM', 704, '669', '76536'),
	(912, 'Quang Trung', 'HCM', 704, '74', '73613'),
	(913, 'Quang Trung', 'HCM', 704, '600', '70828'),
	(914, 'Quang Trung', 'HCM', 704, '742', '78688'),
	(915, 'Quang Trung', 'HCM', 704, '262', '76855'),
	(916, 'Quang Trung', 'HCM', 704, '94', '75304'),
	(917, 'Quang Trung', 'HCM', 704, '14', '77016'),
	(918, 'Quang Trung', 'HCM', 704, '957', '74223'),
	(919, 'Quang Trung', 'HCM', 704, '453', '76409'),
	(920, 'Quang Trung', 'HCM', 704, '232', '74914'),
	(921, 'Quang Trung', 'HCM', 704, '436', '71245'),
	(922, 'Quang Trung', 'HCM', 704, '577', '75911'),
	(923, 'Quang Trung', 'HCM', 704, '511', '76191'),
	(924, 'Quang Trung', 'HCM', 704, '354', '77585'),
	(925, 'Quang Trung', 'HCM', 704, '861', '74672'),
	(926, 'Quang Trung', 'HCM', 704, '803', '74635'),
	(927, 'Quang Trung', 'HCM', 704, '593', '71797'),
	(928, 'Quang Trung', 'HCM', 704, '213', '77942'),
	(929, 'Quang Trung', 'HCM', 704, '445', '76195'),
	(930, 'Quang Trung', 'HCM', 704, '202', '72424'),
	(931, 'Quang Trung', 'HCM', 704, '653', '70817'),
	(932, 'Quang Trung', 'HCM', 704, '342', '70266'),
	(933, 'Quang Trung', 'HCM', 704, '79', '73456'),
	(934, 'Quang Trung', 'HCM', 704, '904', '79669'),
	(935, 'Quang Trung', 'HCM', 704, '779', '71633'),
	(936, 'Quang Trung', 'HCM', 704, '671', '71025'),
	(937, 'Quang Trung', 'HCM', 704, '225', '72235'),
	(938, 'Quang Trung', 'HCM', 704, '322', '72339'),
	(939, 'Quang Trung', 'HCM', 704, '11', '76815'),
	(940, 'Quang Trung', 'HCM', 704, '881', '70153'),
	(941, 'Quang Trung', 'HCM', 704, '443', '77650'),
	(942, 'Quang Trung', 'HCM', 704, '398', '78285'),
	(943, 'Quang Trung', 'HCM', 704, '272', '76575'),
	(944, 'Quang Trung', 'HCM', 704, '939', '79003'),
	(945, 'Quang Trung', 'HCM', 704, '361', '75279'),
	(946, 'Quang Trung', 'HCM', 704, '600', '70919'),
	(947, 'Quang Trung', 'HCM', 704, '860', '73181'),
	(948, 'Quang Trung', 'HCM', 704, '965', '70295'),
	(949, 'Quang Trung', 'HCM', 704, '319', '74371'),
	(950, 'Quang Trung', 'HCM', 704, '519', '72257'),
	(951, 'Quang Trung', 'HCM', 704, '517', '76946'),
	(952, 'Quang Trung', 'HCM', 704, '481', '72218'),
	(953, 'Quang Trung', 'HCM', 704, '190', '77578'),
	(954, 'Quang Trung', 'HCM', 704, '19', '70723'),
	(955, 'Quang Trung', 'HCM', 704, '519', '70448'),
	(956, 'Quang Trung', 'HCM', 704, '491', '77225'),
	(957, 'Quang Trung', 'HCM', 704, '550', '74429'),
	(958, 'Quang Trung', 'HCM', 704, '18', '73841'),
	(959, 'Quang Trung', 'HCM', 704, '594', '71408'),
	(960, 'Quang Trung', 'HCM', 704, '342', '76326'),
	(961, 'Quang Trung', 'HCM', 704, '339', '74874'),
	(962, 'Quang Trung', 'HCM', 704, '142', '72744'),
	(963, 'Quang Trung', 'HCM', 704, '408', '74745'),
	(964, 'Quang Trung', 'HCM', 704, '786', '73785'),
	(965, 'Quang Trung', 'HCM', 704, '955', '76924'),
	(966, 'Quang Trung', 'HCM', 704, '30', '70861'),
	(967, 'Quang Trung', 'HCM', 704, '69', '76923'),
	(968, 'Quang Trung', 'HCM', 704, '572', '78103'),
	(969, 'Quang Trung', 'HCM', 704, '978', '71160'),
	(970, 'Quang Trung', 'HCM', 704, '572', '77668'),
	(971, 'Quang Trung', 'HCM', 704, '22', '78670'),
	(972, 'Quang Trung', 'HCM', 704, '974', '72285'),
	(973, 'Quang Trung', 'HCM', 704, '764', '75804'),
	(974, 'Quang Trung', 'HCM', 704, '29', '71893'),
	(975, 'Quang Trung', 'HCM', 704, '661', '75398'),
	(976, 'Quang Trung', 'HCM', 704, '81', '79444'),
	(977, 'Quang Trung', 'HCM', 704, '116', '77664'),
	(978, 'Quang Trung', 'HCM', 704, '483', '78551'),
	(979, 'Quang Trung', 'HCM', 704, '678', '76320'),
	(980, 'Quang Trung', 'HCM', 704, '246', '74237'),
	(981, 'Quang Trung', 'HCM', 704, '53', '75224'),
	(982, 'Quang Trung', 'HCM', 704, '393', '71480'),
	(983, 'Quang Trung', 'HCM', 704, '439', '73973'),
	(984, 'Quang Trung', 'HCM', 704, '626', '79141'),
	(985, 'Quang Trung', 'HCM', 704, '624', '79071'),
	(986, 'Quang Trung', 'HCM', 704, '691', '79152'),
	(987, 'Quang Trung', 'HCM', 704, '363', '77461'),
	(988, 'Quang Trung', 'HCM', 704, '921', '73249'),
	(989, 'Quang Trung', 'HCM', 704, '960', '79179'),
	(990, 'Quang Trung', 'HCM', 704, '756', '70132'),
	(991, 'Quang Trung', 'HCM', 704, '774', '71563'),
	(992, 'Quang Trung', 'HCM', 704, '404', '78465'),
	(993, 'Quang Trung', 'HCM', 704, '998', '73519'),
	(994, 'Quang Trung', 'HCM', 704, '653', '77392'),
	(995, 'Quang Trung', 'HCM', 704, '58', '79998'),
	(996, 'Quang Trung', 'HCM', 704, '351', '78047'),
	(997, 'Quang Trung', 'HCM', 704, '567', '74066'),
	(998, 'Quang Trung', 'HCM', 704, '159', '70875'),
	(999, 'Quang Trung', 'HCM', 704, '977', '73165'),
	(1000, 'Quang Trung', 'HCM', 704, '357', '73484'),
	(1001, 'Quang Trung', 'HCM', 704, '330', '76157'),
	(1002, 'Le Lai', 'HCM', 704, NULL, '76184'),
	(1003, 'Nguyen Van Bao', 'HCM', 704, NULL, '76815'),
	(1004, 'Nguyen Xi', 'HCM', 704, NULL, '70278'),
	(1005, 'Nguyen Oanh', 'HCM', 704, NULL, '71395'),
	(1006, 'Pham Van Dong', 'HCM', 704, NULL, '77009'),
	(1007, 'Nguyen Hue', 'HCM', 704, NULL, '72794'),
	(1008, 'Bui Vien', 'HCM', 704, '1414', '76008'),
	(1009, 'Vuon Lai', 'HCM', 704, '1414', '71069'),
	(1010, 'Phu Nhuan', 'HCM', 704, NULL, '75191'),
	(1011, 'KP', 'HCM', 704, NULL, '74647'),
	(1012, 'Bien Hoa', 'HCM', 704, NULL, '73666'),
	(1013, 'Bien Hoa', 'HCM', 704, NULL, '73666'),
	(1014, 'Liem Anh', 'HCM', 704, '1414', '73333'),
	(1015, 'fdgfd', 'dfgdfg', -1, NULL, '74385'),
	(1016, 'dsgsg', 'HCM', 704, '1414', '3432432'),
	(1017, 'dsgsg', 'HCM', 704, '1414', '3432432'),
	(1018, 'dsgsg', 'HCM', 704, '1414', '3432432'),
	(1019, 'Le Lai', 'HCM', 704, '1414', '77009');

-- Dumping structure for table works.candidate
CREATE TABLE IF NOT EXISTS `candidate` (
  `id` bigint(20) NOT NULL AUTO_INCREMENT,
  `dob` date NOT NULL,
  `email` varchar(255) NOT NULL,
  `full_name` varchar(255) NOT NULL,
  `phone` varchar(15) NOT NULL,
  `address` bigint(20) NOT NULL,
  PRIMARY KEY (`id`),
  UNIQUE KEY `UK_qfut8ruekode092nlkipgl09g` (`email`),
  UNIQUE KEY `UK_9i5yt1gvm0chg5e10qkns7tll` (`phone`),
  UNIQUE KEY `UK_m8qhlm4wu215gr34dhxp0dour` (`address`),
  CONSTRAINT `FKa8gnyyhbb2qnhp94grci1n0o9` FOREIGN KEY (`address`) REFERENCES `address` (`id`)
) ENGINE=InnoDB AUTO_INCREMENT=1023 DEFAULT CHARSET=latin1 COLLATE=latin1_swedish_ci;

-- Dumping data for table works.candidate: ~1,011 rows (approximately)
INSERT INTO `candidate` (`id`, `dob`, `email`, `full_name`, `phone`, `address`) VALUES
	(1, '1998-11-15', 'email_1@gmail.com', 'Name #1', '3312790458', 1),
	(2, '1998-10-13', 'email_2@gmail.com', 'Name #2', '1575326931', 2),
	(3, '1998-02-16', 'email_3@gmail.com', 'Name #3', '8114714521', 3),
	(4, '1998-06-13', 'email_4@gmail.com', 'Name #4', '7298617389', 4),
	(5, '1998-05-08', 'email_5@gmail.com', 'Name #5', '3698561454', 5),
	(6, '1998-02-13', 'email_6@gmail.com', 'Name #6', '8954750587', 6),
	(7, '1998-09-19', 'email_7@gmail.com', 'Name #7', '3338362951', 7),
	(8, '1998-07-06', 'email_8@gmail.com', 'Name #8', '5680672787', 8),
	(9, '1998-08-15', 'email_9@gmail.com', 'Name #9', '7985502363', 9),
	(10, '1998-09-14', 'email_10@gmail.com', 'Name #10', '7802795074', 10),
	(11, '1998-08-22', 'email_11@gmail.com', 'Name #11', '6716419525', 11),
	(12, '1998-06-01', 'email_12@gmail.com', 'Name #12', '6044265802', 12),
	(13, '1998-07-14', 'email_13@gmail.com', 'Name #13', '6699951126', 13),
	(14, '1998-11-02', 'email_14@gmail.com', 'Name #14', '6487675297', 14),
	(15, '1998-03-02', 'email_15@gmail.com', 'Name #15', '4196897725', 15),
	(16, '1998-10-21', 'email_16@gmail.com', 'Name #16', '9556854802', 16),
	(17, '1998-03-13', 'email_17@gmail.com', 'Name #17', '6202093718', 17),
	(18, '1998-06-17', 'email_18@gmail.com', 'Name #18', '9597867412', 18),
	(19, '1998-01-02', 'email_19@gmail.com', 'Name #19', '2255616453', 19),
	(20, '1998-04-28', 'email_20@gmail.com', 'Name #20', '4980756285', 20),
	(21, '1998-07-21', 'email_21@gmail.com', 'Name #21', '1380591806', 21),
	(22, '1998-02-18', 'email_22@gmail.com', 'Name #22', '3097691993', 22),
	(23, '1998-09-06', 'email_23@gmail.com', 'Name #23', '5709983243', 23),
	(24, '1998-03-11', 'email_24@gmail.com', 'Name #24', '7627859787', 24),
	(25, '1998-04-23', 'email_25@gmail.com', 'Name #25', '2115874784', 25),
	(26, '1998-06-09', 'email_26@gmail.com', 'Name #26', '7222087536', 26),
	(27, '1998-04-13', 'email_27@gmail.com', 'Name #27', '1817775062', 27),
	(28, '1998-05-07', 'email_28@gmail.com', 'Name #28', '9671489556', 28),
	(29, '1998-05-12', 'email_29@gmail.com', 'Name #29', '4891454667', 29),
	(30, '1998-10-21', 'email_30@gmail.com', 'Name #30', '7245566402', 30),
	(31, '1998-09-28', 'email_31@gmail.com', 'Name #31', '1871916610', 31),
	(32, '1998-04-12', 'email_32@gmail.com', 'Name #32', '7350176277', 32),
	(33, '1998-11-02', 'email_33@gmail.com', 'Name #33', '9866066053', 33),
	(34, '1998-08-25', 'email_34@gmail.com', 'Name #34', '5162856477', 34),
	(35, '1998-04-19', 'email_35@gmail.com', 'Name #35', '6852020395', 35),
	(36, '1998-03-27', 'email_36@gmail.com', 'Name #36', '4745068512', 36),
	(37, '1998-01-08', 'email_37@gmail.com', 'Name #37', '4677120727', 37),
	(38, '1998-12-14', 'email_38@gmail.com', 'Name #38', '4248499366', 38),
	(39, '1998-04-10', 'email_39@gmail.com', 'Name #39', '5412099479', 39),
	(40, '1998-10-04', 'email_40@gmail.com', 'Name #40', '4253878775', 40),
	(41, '1998-01-17', 'email_41@gmail.com', 'Name #41', '9313256110', 41),
	(42, '1998-08-10', 'email_42@gmail.com', 'Name #42', '7006241100', 42),
	(43, '1998-09-04', 'email_43@gmail.com', 'Name #43', '6913519224', 43),
	(44, '1998-06-07', 'email_44@gmail.com', 'Name #44', '3520143224', 44),
	(45, '1998-07-16', 'email_45@gmail.com', 'Name #45', '6642924343', 45),
	(46, '1998-08-21', 'email_46@gmail.com', 'Name #46', '2097472386', 46),
	(47, '1998-12-03', 'email_47@gmail.com', 'Name #47', '2478612094', 47),
	(48, '1998-11-13', 'email_48@gmail.com', 'Name #48', '6973053873', 48),
	(49, '1998-04-03', 'email_49@gmail.com', 'Name #49', '9599171865', 49),
	(50, '1998-08-06', 'email_50@gmail.com', 'Name #50', '9482152564', 50),
	(51, '1998-03-12', 'email_51@gmail.com', 'Name #51', '6426013207', 51),
	(52, '1998-01-02', 'email_52@gmail.com', 'Name #52', '7265901996', 52),
	(53, '1998-05-15', 'email_53@gmail.com', 'Name #53', '5372712822', 53),
	(54, '1998-06-26', 'email_54@gmail.com', 'Name #54', '7865306487', 54),
	(55, '1998-02-05', 'email_55@gmail.com', 'Name #55', '9011071257', 55),
	(56, '1998-04-03', 'email_56@gmail.com', 'Name #56', '3957994643', 56),
	(57, '1998-10-05', 'email_57@gmail.com', 'Name #57', '4886326264', 57),
	(58, '1998-05-02', 'email_58@gmail.com', 'Name #58', '9075087492', 58),
	(59, '1998-01-02', 'email_59@gmail.com', 'Name #59', '4583982645', 59),
	(60, '1998-01-16', 'email_60@gmail.com', 'Name #60', '7872991003', 60),
	(61, '1998-01-20', 'email_61@gmail.com', 'Name #61', '6069717934', 61),
	(62, '1998-10-15', 'email_62@gmail.com', 'Name #62', '3803871396', 62),
	(63, '1998-07-14', 'email_63@gmail.com', 'Name #63', '4543463188', 63),
	(64, '1998-03-23', 'email_64@gmail.com', 'Name #64', '1247204227', 64),
	(65, '1998-08-04', 'email_65@gmail.com', 'Name #65', '3100868056', 65),
	(66, '1998-02-12', 'email_66@gmail.com', 'Name #66', '9638035171', 66),
	(67, '1998-06-20', 'email_67@gmail.com', 'Name #67', '4184828900', 67),
	(68, '1998-03-21', 'email_68@gmail.com', 'Name #68', '3015498372', 68),
	(69, '1998-03-20', 'email_69@gmail.com', 'Name #69', '6013685149', 69),
	(70, '1998-06-21', 'email_70@gmail.com', 'Name #70', '8072823024', 70),
	(71, '1998-07-27', 'email_71@gmail.com', 'Name #71', '6779779555', 71),
	(72, '1998-01-06', 'email_72@gmail.com', 'Name #72', '6309965393', 72),
	(73, '1998-12-22', 'email_73@gmail.com', 'Name #73', '6146636562', 73),
	(74, '1998-07-21', 'email_74@gmail.com', 'Name #74', '7907969946', 74),
	(75, '1998-03-12', 'email_75@gmail.com', 'Name #75', '1414070313', 75),
	(76, '1998-01-04', 'email_76@gmail.com', 'Name #76', '3408219992', 76),
	(77, '1998-10-14', 'email_77@gmail.com', 'Name #77', '5254421533', 77),
	(78, '1998-03-23', 'email_78@gmail.com', 'Name #78', '2037529323', 78),
	(79, '1998-08-25', 'email_79@gmail.com', 'Name #79', '1765194265', 79),
	(80, '1998-04-06', 'email_80@gmail.com', 'Name #80', '6647111126', 80),
	(81, '1998-07-13', 'email_81@gmail.com', 'Name #81', '9503108260', 81),
	(82, '1998-03-11', 'email_82@gmail.com', 'Name #82', '7865944248', 82),
	(83, '1998-05-08', 'email_83@gmail.com', 'Name #83', '6561780871', 83),
	(84, '1998-05-05', 'email_84@gmail.com', 'Name #84', '9694078421', 84),
	(85, '1998-02-25', 'email_85@gmail.com', 'Name #85', '7683349090', 85),
	(86, '1998-07-20', 'email_86@gmail.com', 'Name #86', '4613035501', 86),
	(87, '1998-07-19', 'email_87@gmail.com', 'Name #87', '6951922346', 87),
	(88, '1998-01-16', 'email_88@gmail.com', 'Name #88', '5824757008', 88),
	(89, '1998-07-18', 'email_89@gmail.com', 'Name #89', '1779701969', 89),
	(90, '1998-10-26', 'email_90@gmail.com', 'Name #90', '8500881611', 90),
	(91, '1998-10-12', 'email_91@gmail.com', 'Name #91', '3261270561', 91),
	(92, '1998-11-19', 'email_92@gmail.com', 'Name #92', '4999238419', 92),
	(93, '1998-06-16', 'email_93@gmail.com', 'Name #93', '2999612919', 93),
	(94, '1998-07-16', 'email_94@gmail.com', 'Name #94', '8868082133', 94),
	(95, '1998-06-08', 'email_95@gmail.com', 'Name #95', '5717931617', 95),
	(96, '1998-01-02', 'email_96@gmail.com', 'Name #96', '7283998134', 96),
	(97, '1998-04-14', 'email_97@gmail.com', 'Name #97', '3134476483', 97),
	(98, '1998-06-18', 'email_98@gmail.com', 'Name #98', '5872415957', 98),
	(99, '1998-08-03', 'email_99@gmail.com', 'Name #99', '3109994340', 99),
	(100, '1998-02-05', 'vinh141203@gmail.com', 'Tran Hien Vinh', '3764861474', 100),
	(101, '1998-11-08', 'email_101@gmail.com', 'Name #101', '6738730000', 101),
	(102, '1998-01-11', 'email_102@gmail.com', 'Name #102', '2238483698', 102),
	(103, '1998-06-25', 'email_103@gmail.com', 'Name #103', '9803732409', 103),
	(104, '1998-03-01', 'email_104@gmail.com', 'Name #104', '1613963057', 104),
	(105, '1998-02-23', 'email_105@gmail.com', 'Name #105', '7619146015', 105),
	(106, '1998-12-22', 'email_106@gmail.com', 'Name #106', '1113261508', 106),
	(107, '1998-12-21', 'email_107@gmail.com', 'Name #107', '6249733745', 107),
	(108, '1998-07-07', 'email_108@gmail.com', 'Name #108', '1343293777', 108),
	(109, '1998-06-23', 'email_109@gmail.com', 'Name #109', '8329427808', 109),
	(110, '1998-07-04', 'email_110@gmail.com', 'Name #110', '8401778540', 110),
	(111, '1998-05-16', 'email_111@gmail.com', 'Name #111', '6616210015', 111),
	(112, '1998-12-23', 'email_112@gmail.com', 'Name #112', '1963892456', 112),
	(113, '1998-12-11', 'email_113@gmail.com', 'Name #113', '3426540160', 113),
	(114, '1998-11-02', 'email_114@gmail.com', 'Name #114', '8859716063', 114),
	(115, '1998-07-22', 'email_115@gmail.com', 'Name #115', '9389684174', 115),
	(116, '1998-08-09', 'email_116@gmail.com', 'Name #116', '4821650727', 116),
	(117, '1998-01-02', 'email_117@gmail.com', 'Name #117', '1791104194', 117),
	(118, '1998-09-21', 'email_118@gmail.com', 'Name #118', '2648586939', 118),
	(119, '1998-08-14', 'email_119@gmail.com', 'Name #119', '4051910325', 119),
	(120, '1998-12-22', 'email_120@gmail.com', 'Name #120', '4268344130', 120),
	(121, '1998-09-22', 'email_121@gmail.com', 'Name #121', '1247255546', 121),
	(122, '1998-07-09', 'email_122@gmail.com', 'Name #122', '7863226239', 122),
	(123, '1998-12-08', 'email_123@gmail.com', 'Name #123', '8124038173', 123),
	(124, '1998-01-01', 'email_124@gmail.com', 'Name #124', '5430874637', 124),
	(125, '1998-10-15', 'email_125@gmail.com', 'Name #125', '3664523644', 125),
	(126, '1998-01-28', 'email_126@gmail.com', 'Name #126', '2323769165', 126),
	(127, '1998-06-05', 'email_127@gmail.com', 'Name #127', '3458059888', 127),
	(128, '1998-07-09', 'email_128@gmail.com', 'Name #128', '9166981071', 128),
	(129, '1998-06-04', 'email_129@gmail.com', 'Name #129', '7134322263', 129),
	(130, '1998-10-18', 'email_130@gmail.com', 'Name #130', '3114157042', 130),
	(131, '1998-06-20', 'email_131@gmail.com', 'Name #131', '7049449858', 131),
	(132, '1998-09-21', 'email_132@gmail.com', 'Name #132', '7255180209', 132),
	(133, '1998-09-23', 'email_133@gmail.com', 'Name #133', '4681064031', 133),
	(134, '1998-02-15', 'email_134@gmail.com', 'Name #134', '4350692323', 134),
	(135, '1998-05-01', 'email_135@gmail.com', 'Name #135', '6473760242', 135),
	(136, '1998-04-25', 'email_136@gmail.com', 'Name #136', '1644138623', 136),
	(137, '1998-01-23', 'email_137@gmail.com', 'Name #137', '2249208085', 137),
	(138, '1998-02-06', 'email_138@gmail.com', 'Name #138', '9581978425', 138),
	(139, '1998-05-24', 'email_139@gmail.com', 'Name #139', '4287999824', 139),
	(140, '1998-12-18', 'email_140@gmail.com', 'Name #140', '8201190900', 140),
	(141, '1998-09-28', 'email_141@gmail.com', 'Name #141', '8974713743', 141),
	(142, '1998-07-15', 'email_142@gmail.com', 'Name #142', '6936199396', 142),
	(143, '1998-11-18', 'email_143@gmail.com', 'Name #143', '6372779567', 143),
	(144, '1998-06-17', 'email_144@gmail.com', 'Name #144', '5765067328', 144),
	(145, '1998-07-04', 'email_145@gmail.com', 'Name #145', '9123497501', 145),
	(146, '1998-12-24', 'email_146@gmail.com', 'Name #146', '7731601154', 146),
	(147, '1998-02-13', 'email_147@gmail.com', 'Name #147', '5725233652', 147),
	(148, '1998-10-13', 'email_148@gmail.com', 'Name #148', '7771121068', 148),
	(149, '1998-06-19', 'email_149@gmail.com', 'Name #149', '2069763656', 149),
	(150, '1998-12-25', 'email_150@gmail.com', 'Name #150', '5878323960', 150),
	(151, '1998-01-23', 'email_151@gmail.com', 'Name #151', '4818466123', 151),
	(152, '1998-11-08', 'email_152@gmail.com', 'Name #152', '2859407218', 152),
	(153, '1998-10-10', 'email_153@gmail.com', 'Name #153', '4174622324', 153),
	(154, '1998-02-14', 'email_154@gmail.com', 'Name #154', '2750837294', 154),
	(155, '1998-09-14', 'email_155@gmail.com', 'Name #155', '4573538359', 155),
	(156, '1998-06-17', 'email_156@gmail.com', 'Name #156', '1904728561', 156),
	(157, '1998-11-18', 'email_157@gmail.com', 'Name #157', '8120196605', 157),
	(158, '1998-05-03', 'email_158@gmail.com', 'Name #158', '8089542813', 158),
	(159, '1998-01-19', 'email_159@gmail.com', 'Name #159', '3078889874', 159),
	(160, '1998-11-10', 'email_160@gmail.com', 'Name #160', '6928882046', 160),
	(161, '1998-11-09', 'email_161@gmail.com', 'Name #161', '5551764244', 161),
	(162, '1998-12-09', 'email_162@gmail.com', 'Name #162', '6579961579', 162),
	(163, '1998-05-18', 'email_163@gmail.com', 'Name #163', '9905759535', 163),
	(164, '1998-10-01', 'email_164@gmail.com', 'Name #164', '4448342754', 164),
	(165, '1998-01-02', 'email_165@gmail.com', 'Name #165', '5692688250', 165),
	(166, '1998-03-07', 'email_166@gmail.com', 'Name #166', '4268814612', 166),
	(167, '1998-12-07', 'email_167@gmail.com', 'Name #167', '8381691381', 167),
	(168, '1998-12-14', 'email_168@gmail.com', 'Name #168', '2218559482', 168),
	(169, '1998-03-03', 'email_169@gmail.com', 'Name #169', '4095988155', 169),
	(170, '1998-05-25', 'email_170@gmail.com', 'Name #170', '6100198169', 170),
	(171, '1998-07-25', 'email_171@gmail.com', 'Name #171', '9582813438', 171),
	(172, '1998-09-26', 'email_172@gmail.com', 'Name #172', '6886734880', 172),
	(173, '1998-01-05', 'email_173@gmail.com', 'Name #173', '4979287763', 173),
	(174, '1998-01-08', 'email_174@gmail.com', 'Name #174', '9167955324', 174),
	(175, '1998-04-01', 'email_175@gmail.com', 'Name #175', '6531000986', 175),
	(176, '1998-12-19', 'email_176@gmail.com', 'Name #176', '9534658501', 176),
	(177, '1998-12-25', 'email_177@gmail.com', 'Name #177', '6365655834', 177),
	(178, '1998-06-16', 'email_178@gmail.com', 'Name #178', '2554344761', 178),
	(179, '1998-12-18', 'email_179@gmail.com', 'Name #179', '1695024896', 179),
	(180, '1998-11-26', 'email_180@gmail.com', 'Name #180', '4158713026', 180),
	(181, '1998-10-16', 'email_181@gmail.com', 'Name #181', '5968352514', 181),
	(182, '1998-04-24', 'email_182@gmail.com', 'Name #182', '4744675797', 182),
	(183, '1998-10-01', 'email_183@gmail.com', 'Name #183', '3121939748', 183),
	(184, '1998-01-03', 'email_184@gmail.com', 'Name #184', '1720607008', 184),
	(185, '1998-01-22', 'email_185@gmail.com', 'Name #185', '1418675142', 185),
	(186, '1998-01-18', 'email_186@gmail.com', 'Name #186', '7736225744', 186),
	(187, '1998-11-05', 'email_187@gmail.com', 'Name #187', '3616256712', 187),
	(188, '1998-02-05', 'email_188@gmail.com', 'Name #188', '6001709182', 188),
	(189, '1998-07-09', 'email_189@gmail.com', 'Name #189', '4963223835', 189),
	(190, '1998-01-08', 'email_190@gmail.com', 'Name #190', '6675559237', 190),
	(191, '1998-08-03', 'email_191@gmail.com', 'Name #191', '2285226494', 191),
	(192, '1998-03-14', 'email_192@gmail.com', 'Name #192', '6175944666', 192),
	(193, '1998-09-14', 'email_193@gmail.com', 'Name #193', '4992385002', 193),
	(194, '1998-03-15', 'email_194@gmail.com', 'Name #194', '1688854271', 194),
	(195, '1998-11-25', 'email_195@gmail.com', 'Name #195', '8683437706', 195),
	(196, '1998-07-27', 'email_196@gmail.com', 'Name #196', '5375018221', 196),
	(197, '1998-11-28', 'email_197@gmail.com', 'Name #197', '3452712467', 197),
	(198, '1998-06-12', 'email_198@gmail.com', 'Name #198', '6250264589', 198),
	(199, '1998-11-26', 'email_199@gmail.com', 'Name #199', '6823900699', 199),
	(200, '1998-04-03', 'email_200@gmail.com', 'Name #200', '5874606490', 200),
	(201, '1998-11-03', 'email_201@gmail.com', 'Name #201', '2957811841', 201),
	(202, '1998-01-26', 'email_202@gmail.com', 'Name #202', '1853408126', 202),
	(203, '1998-04-19', 'email_203@gmail.com', 'Name #203', '7691726010', 203),
	(204, '1998-04-10', 'email_204@gmail.com', 'Name #204', '1846926854', 204),
	(205, '1998-04-14', 'email_205@gmail.com', 'Name #205', '9714244011', 205),
	(206, '1998-01-21', 'email_206@gmail.com', 'Name #206', '7910460724', 206),
	(207, '1998-01-17', 'email_207@gmail.com', 'Name #207', '7288357712', 207),
	(208, '1998-01-27', 'email_208@gmail.com', 'Name #208', '6021303976', 208),
	(209, '1998-12-02', 'email_209@gmail.com', 'Name #209', '6546936640', 209),
	(210, '1998-06-03', 'email_210@gmail.com', 'Name #210', '3854673659', 210),
	(211, '1998-03-04', 'email_211@gmail.com', 'Name #211', '8906513499', 211),
	(212, '1998-11-15', 'email_212@gmail.com', 'Name #212', '5719431761', 212),
	(213, '1998-07-20', 'email_213@gmail.com', 'Name #213', '3725904129', 213),
	(214, '1998-02-09', 'email_214@gmail.com', 'Name #214', '7832452105', 214),
	(215, '1998-04-25', 'email_215@gmail.com', 'Name #215', '8132238487', 215),
	(216, '1998-01-02', 'email_216@gmail.com', 'Name #216', '8416881044', 216),
	(217, '1998-09-22', 'email_217@gmail.com', 'Name #217', '4378517841', 217),
	(218, '1998-02-05', 'email_218@gmail.com', 'Name #218', '8568100694', 218),
	(219, '1998-04-26', 'email_219@gmail.com', 'Name #219', '8180612808', 219),
	(220, '1998-01-18', 'email_220@gmail.com', 'Name #220', '2830098589', 220),
	(221, '1998-05-03', 'email_221@gmail.com', 'Name #221', '6601473102', 221),
	(222, '1998-07-23', 'email_222@gmail.com', 'Name #222', '8311781517', 222),
	(223, '1998-04-28', 'email_223@gmail.com', 'Name #223', '9935825005', 223),
	(224, '1998-05-24', 'email_224@gmail.com', 'Name #224', '9443829628', 224),
	(225, '1998-05-02', 'email_225@gmail.com', 'Name #225', '4334668544', 225),
	(226, '1998-11-15', 'email_226@gmail.com', 'Name #226', '9252697200', 226),
	(227, '1998-10-23', 'email_227@gmail.com', 'Name #227', '6836808892', 227),
	(228, '1998-03-16', 'email_228@gmail.com', 'Name #228', '4073990009', 228),
	(229, '1998-12-18', 'email_229@gmail.com', 'Name #229', '8352899040', 229),
	(230, '1998-02-05', 'email_230@gmail.com', 'Name #230', '4779253661', 230),
	(231, '1998-07-18', 'email_231@gmail.com', 'Name #231', '9850600148', 231),
	(232, '1998-06-12', 'email_232@gmail.com', 'Name #232', '8903610368', 232),
	(233, '1998-01-14', 'email_233@gmail.com', 'Name #233', '1602059649', 233),
	(234, '1998-03-18', 'email_234@gmail.com', 'Name #234', '8083323790', 234),
	(235, '1998-10-06', 'email_235@gmail.com', 'Name #235', '4134309213', 235),
	(236, '1998-03-07', 'email_236@gmail.com', 'Name #236', '8780188150', 236),
	(237, '1998-09-10', 'email_237@gmail.com', 'Name #237', '4731421056', 237),
	(238, '1998-01-04', 'email_238@gmail.com', 'Name #238', '5864693531', 238),
	(239, '1998-03-07', 'email_239@gmail.com', 'Name #239', '5846392376', 239),
	(240, '1998-02-02', 'email_240@gmail.com', 'Name #240', '4685057745', 240),
	(241, '1998-05-14', 'email_241@gmail.com', 'Name #241', '5535828766', 241),
	(242, '1998-06-04', 'email_242@gmail.com', 'Name #242', '5629291817', 242),
	(243, '1998-02-28', 'email_243@gmail.com', 'Name #243', '4974626332', 243),
	(244, '1998-02-06', 'email_244@gmail.com', 'Name #244', '9154592154', 244),
	(245, '1998-02-28', 'email_245@gmail.com', 'Name #245', '7925874196', 245),
	(246, '1998-04-04', 'email_246@gmail.com', 'Name #246', '4806918949', 246),
	(247, '1998-01-26', 'email_247@gmail.com', 'Name #247', '1148102021', 247),
	(248, '1998-05-02', 'email_248@gmail.com', 'Name #248', '8830179965', 248),
	(249, '1998-04-17', 'email_249@gmail.com', 'Name #249', '3470229484', 249),
	(250, '1998-12-22', 'email_250@gmail.com', 'Name #250', '8040650800', 250),
	(251, '1998-06-12', 'email_251@gmail.com', 'Name #251', '9854600126', 251),
	(252, '1998-03-03', 'email_252@gmail.com', 'Name #252', '7994928125', 252),
	(253, '1998-09-05', 'email_253@gmail.com', 'Name #253', '5686863606', 253),
	(254, '1998-02-22', 'email_254@gmail.com', 'Name #254', '9466791348', 254),
	(255, '1998-07-11', 'email_255@gmail.com', 'Name #255', '9515511039', 255),
	(256, '1998-07-14', 'email_256@gmail.com', 'Name #256', '1856216323', 256),
	(257, '1998-08-06', 'email_257@gmail.com', 'Name #257', '2086430831', 257),
	(258, '1998-12-26', 'email_258@gmail.com', 'Name #258', '7818417283', 258),
	(259, '1998-09-06', 'email_259@gmail.com', 'Name #259', '7524278317', 259),
	(260, '1998-06-11', 'email_260@gmail.com', 'Name #260', '2552333887', 260),
	(261, '1998-10-04', 'email_261@gmail.com', 'Name #261', '5416677937', 261),
	(262, '1998-07-12', 'email_262@gmail.com', 'Name #262', '8967284221', 262),
	(263, '1998-07-05', 'email_263@gmail.com', 'Name #263', '2408055143', 263),
	(264, '1998-08-27', 'email_264@gmail.com', 'Name #264', '4585537252', 264),
	(265, '1998-09-13', 'email_265@gmail.com', 'Name #265', '6076025672', 265),
	(266, '1998-01-20', 'email_266@gmail.com', 'Name #266', '8692804234', 266),
	(267, '1998-12-04', 'email_267@gmail.com', 'Name #267', '9489742558', 267),
	(268, '1998-04-21', 'email_268@gmail.com', 'Name #268', '6784487007', 268),
	(269, '1998-08-13', 'email_269@gmail.com', 'Name #269', '6998574594', 269),
	(270, '1998-02-05', 'email_270@gmail.com', 'Name #270', '2726159698', 270),
	(271, '1998-01-11', 'email_271@gmail.com', 'Name #271', '8621785507', 271),
	(272, '1998-01-07', 'email_272@gmail.com', 'Name #272', '5998282199', 272),
	(273, '1998-01-06', 'email_273@gmail.com', 'Name #273', '6651023749', 273),
	(274, '1998-08-20', 'email_274@gmail.com', 'Name #274', '3766709883', 274),
	(275, '1998-01-22', 'email_275@gmail.com', 'Name #275', '8171688300', 275),
	(276, '1998-01-12', 'email_276@gmail.com', 'Name #276', '4908351597', 276),
	(277, '1998-08-03', 'email_277@gmail.com', 'Name #277', '9168556916', 277),
	(278, '1998-08-06', 'email_278@gmail.com', 'Name #278', '5698077249', 278),
	(279, '1998-03-18', 'email_279@gmail.com', 'Name #279', '5867074350', 279),
	(280, '1998-01-11', 'email_280@gmail.com', 'Name #280', '5126466459', 280),
	(281, '1998-10-20', 'email_281@gmail.com', 'Name #281', '7020556921', 281),
	(282, '1998-07-10', 'email_282@gmail.com', 'Name #282', '4738844246', 282),
	(283, '1998-12-04', 'email_283@gmail.com', 'Name #283', '9091374210', 283),
	(284, '1998-12-01', 'email_284@gmail.com', 'Name #284', '2390387816', 284),
	(285, '1998-07-18', 'email_285@gmail.com', 'Name #285', '3456547354', 285),
	(286, '1998-06-07', 'email_286@gmail.com', 'Name #286', '3867597682', 286),
	(287, '1998-07-16', 'email_287@gmail.com', 'Name #287', '4528997651', 287),
	(288, '1998-12-13', 'email_288@gmail.com', 'Name #288', '2896753224', 288),
	(289, '1998-08-22', 'email_289@gmail.com', 'Name #289', '8244237550', 289),
	(290, '1998-10-28', 'email_290@gmail.com', 'Name #290', '6599262979', 290),
	(291, '1998-04-14', 'email_291@gmail.com', 'Name #291', '9884113524', 291),
	(292, '1998-08-10', 'email_292@gmail.com', 'Name #292', '4353717135', 292),
	(293, '1998-03-10', 'email_293@gmail.com', 'Name #293', '2998841199', 293),
	(294, '1998-09-13', 'email_294@gmail.com', 'Name #294', '7832324061', 294),
	(295, '1998-06-13', 'email_295@gmail.com', 'Name #295', '9493670077', 295),
	(296, '1998-12-02', 'email_296@gmail.com', 'Name #296', '5146894214', 296),
	(297, '1998-11-28', 'email_297@gmail.com', 'Name #297', '4744980881', 297),
	(298, '1998-09-06', 'email_298@gmail.com', 'Name #298', '7202952129', 298),
	(299, '1998-10-07', 'email_299@gmail.com', 'Name #299', '7593309726', 299),
	(300, '1998-01-03', 'email_300@gmail.com', 'Name #300', '3432963586', 300),
	(301, '1998-02-04', 'email_301@gmail.com', 'Name #301', '7454353984', 301),
	(302, '1998-05-06', 'email_302@gmail.com', 'Name #302', '9890671209', 302),
	(303, '1998-02-09', 'email_303@gmail.com', 'Name #303', '4176666409', 303),
	(304, '1998-03-12', 'email_304@gmail.com', 'Name #304', '8989604299', 304),
	(305, '1998-07-01', 'email_305@gmail.com', 'Name #305', '6580499829', 305),
	(306, '1998-11-15', 'email_306@gmail.com', 'Name #306', '5028197432', 306),
	(307, '1998-04-06', 'email_307@gmail.com', 'Name #307', '8877965915', 307),
	(308, '1998-10-28', 'email_308@gmail.com', 'Name #308', '7684561865', 308),
	(309, '1998-04-11', 'email_309@gmail.com', 'Name #309', '3364245584', 309),
	(310, '1998-08-07', 'email_310@gmail.com', 'Name #310', '2748714165', 310),
	(311, '1998-05-02', 'email_311@gmail.com', 'Name #311', '5171094345', 311),
	(312, '1998-07-16', 'email_312@gmail.com', 'Name #312', '6373187520', 312),
	(313, '1998-05-06', 'email_313@gmail.com', 'Name #313', '8450681501', 313),
	(314, '1998-03-20', 'email_314@gmail.com', 'Name #314', '7538670255', 314),
	(315, '1998-10-22', 'email_315@gmail.com', 'Name #315', '9616883486', 315),
	(316, '1998-04-07', 'email_316@gmail.com', 'Name #316', '6687721971', 316),
	(317, '1998-03-15', 'email_317@gmail.com', 'Name #317', '8721903978', 317),
	(318, '1998-03-18', 'email_318@gmail.com', 'Name #318', '1423196097', 318),
	(319, '1998-07-06', 'email_319@gmail.com', 'Name #319', '4011372594', 319),
	(320, '1998-04-28', 'email_320@gmail.com', 'Name #320', '8910872715', 320),
	(321, '1998-03-13', 'email_321@gmail.com', 'Name #321', '7316500910', 321),
	(322, '1998-06-08', 'email_322@gmail.com', 'Name #322', '3041914222', 322),
	(323, '1998-11-20', 'email_323@gmail.com', 'Name #323', '1950064634', 323),
	(324, '1998-01-10', 'email_324@gmail.com', 'Name #324', '3227597528', 324),
	(325, '1998-10-26', 'email_325@gmail.com', 'Name #325', '5996201858', 325),
	(326, '1998-09-01', 'email_326@gmail.com', 'Name #326', '5251533692', 326),
	(327, '1998-10-02', 'email_327@gmail.com', 'Name #327', '1378259414', 327),
	(328, '1998-04-17', 'email_328@gmail.com', 'Name #328', '2735490925', 328),
	(329, '1998-03-26', 'email_329@gmail.com', 'Name #329', '6057444954', 329),
	(330, '1998-09-05', 'email_330@gmail.com', 'Name #330', '7320995500', 330),
	(331, '1998-12-19', 'email_331@gmail.com', 'Name #331', '9862190069', 331),
	(332, '1998-09-14', 'email_332@gmail.com', 'Name #332', '4514649943', 332),
	(333, '1998-05-03', 'email_333@gmail.com', 'Name #333', '9543094419', 333),
	(334, '1998-12-16', 'email_334@gmail.com', 'Name #334', '4788184151', 334),
	(335, '1998-04-24', 'email_335@gmail.com', 'Name #335', '2059321625', 335),
	(336, '1998-01-18', 'email_336@gmail.com', 'Name #336', '2029609965', 336),
	(337, '1998-10-08', 'email_337@gmail.com', 'Name #337', '9809577709', 337),
	(338, '1998-07-21', 'email_338@gmail.com', 'Name #338', '5359831281', 338),
	(339, '1998-07-19', 'email_339@gmail.com', 'Name #339', '8713075400', 339),
	(340, '1998-03-20', 'email_340@gmail.com', 'Name #340', '6584368623', 340),
	(341, '1998-06-01', 'email_341@gmail.com', 'Name #341', '1823688561', 341),
	(342, '1998-10-07', 'email_342@gmail.com', 'Name #342', '3372659440', 342),
	(343, '1998-11-13', 'email_343@gmail.com', 'Name #343', '2478519079', 343),
	(344, '1998-12-22', 'email_344@gmail.com', 'Name #344', '6688134090', 344),
	(345, '1998-02-20', 'email_345@gmail.com', 'Name #345', '7796880747', 345),
	(346, '1998-12-25', 'email_346@gmail.com', 'Name #346', '1279693596', 346),
	(347, '1998-04-14', 'email_347@gmail.com', 'Name #347', '7261099384', 347),
	(348, '1998-12-27', 'email_348@gmail.com', 'Name #348', '3203040761', 348),
	(349, '1998-06-20', 'email_349@gmail.com', 'Name #349', '3728241568', 349),
	(350, '1998-09-20', 'email_350@gmail.com', 'Name #350', '8399172311', 350),
	(351, '1998-11-22', 'email_351@gmail.com', 'Name #351', '7656674147', 351),
	(352, '1998-03-24', 'email_352@gmail.com', 'Name #352', '7730255835', 352),
	(353, '1998-12-28', 'email_353@gmail.com', 'Name #353', '7327723991', 353),
	(354, '1998-02-14', 'email_354@gmail.com', 'Name #354', '2604272188', 354),
	(355, '1998-02-28', 'email_355@gmail.com', 'Name #355', '3929139055', 355),
	(356, '1998-01-10', 'email_356@gmail.com', 'Name #356', '8140636195', 356),
	(357, '1998-07-23', 'email_357@gmail.com', 'Name #357', '5110154394', 357),
	(358, '1998-01-20', 'email_358@gmail.com', 'Name #358', '9719927811', 358),
	(359, '1998-10-26', 'email_359@gmail.com', 'Name #359', '7907286913', 359),
	(360, '1998-03-13', 'email_360@gmail.com', 'Name #360', '9119086050', 360),
	(361, '1998-02-12', 'email_361@gmail.com', 'Name #361', '7834534692', 361),
	(362, '1998-11-16', 'email_362@gmail.com', 'Name #362', '6743920810', 362),
	(363, '1998-07-21', 'email_363@gmail.com', 'Name #363', '3077236570', 363),
	(364, '1998-08-17', 'email_364@gmail.com', 'Name #364', '1670302765', 364),
	(365, '1998-02-14', 'email_365@gmail.com', 'Name #365', '3809487827', 365),
	(366, '1998-05-26', 'email_366@gmail.com', 'Name #366', '5255909356', 366),
	(367, '1998-10-04', 'email_367@gmail.com', 'Name #367', '6443525124', 367),
	(368, '1998-06-08', 'email_368@gmail.com', 'Name #368', '3679738628', 368),
	(369, '1998-12-03', 'email_369@gmail.com', 'Name #369', '5614078782', 369),
	(370, '1998-04-13', 'email_370@gmail.com', 'Name #370', '5725963685', 370),
	(371, '1998-06-13', 'email_371@gmail.com', 'Name #371', '5356896500', 371),
	(372, '1998-03-12', 'email_372@gmail.com', 'Name #372', '7373773263', 372),
	(373, '1998-06-24', 'email_373@gmail.com', 'Name #373', '1615357375', 373),
	(374, '1998-05-25', 'email_374@gmail.com', 'Name #374', '3377859586', 374),
	(375, '1998-09-21', 'email_375@gmail.com', 'Name #375', '2708917592', 375),
	(376, '1998-05-04', 'email_376@gmail.com', 'Name #376', '4335072433', 376),
	(377, '1998-10-22', 'email_377@gmail.com', 'Name #377', '9895624993', 377),
	(378, '1998-03-05', 'email_378@gmail.com', 'Name #378', '3673367596', 378),
	(379, '1998-03-27', 'email_379@gmail.com', 'Name #379', '8995940888', 379),
	(380, '1998-02-14', 'email_380@gmail.com', 'Name #380', '3233745568', 380),
	(381, '1998-10-20', 'email_381@gmail.com', 'Name #381', '9922898386', 381),
	(382, '1998-12-17', 'email_382@gmail.com', 'Name #382', '7775737308', 382),
	(383, '1998-07-03', 'email_383@gmail.com', 'Name #383', '9595613111', 383),
	(384, '1998-09-01', 'email_384@gmail.com', 'Name #384', '3290411977', 384),
	(385, '1998-07-26', 'email_385@gmail.com', 'Name #385', '5547293808', 385),
	(386, '1998-04-24', 'email_386@gmail.com', 'Name #386', '7696927271', 386),
	(387, '1998-02-18', 'email_387@gmail.com', 'Name #387', '3750838506', 387),
	(388, '1998-12-11', 'email_388@gmail.com', 'Name #388', '2420067919', 388),
	(389, '1998-10-19', 'email_389@gmail.com', 'Name #389', '2678988614', 389),
	(390, '1998-03-22', 'email_390@gmail.com', 'Name #390', '7718484961', 390),
	(391, '1998-02-19', 'email_391@gmail.com', 'Name #391', '5162265839', 391),
	(392, '1998-05-06', 'email_392@gmail.com', 'Name #392', '6033841380', 392),
	(393, '1998-02-21', 'email_393@gmail.com', 'Name #393', '8852708006', 393),
	(394, '1998-02-05', 'email_394@gmail.com', 'Name #394', '3031289908', 394),
	(395, '1998-09-13', 'email_395@gmail.com', 'Name #395', '1600979670', 395),
	(396, '1998-06-22', 'email_396@gmail.com', 'Name #396', '8758764509', 396),
	(397, '1998-06-12', 'email_397@gmail.com', 'Name #397', '3280576855', 397),
	(398, '1998-11-26', 'email_398@gmail.com', 'Name #398', '3602920658', 398),
	(399, '1998-12-07', 'email_399@gmail.com', 'Name #399', '9815783018', 399),
	(400, '1998-06-19', 'email_400@gmail.com', 'Name #400', '8467343369', 400),
	(401, '1998-09-05', 'email_401@gmail.com', 'Name #401', '6518106960', 401),
	(402, '1998-10-19', 'email_402@gmail.com', 'Name #402', '1343873413', 402),
	(403, '1998-02-25', 'email_403@gmail.com', 'Name #403', '7500447830', 403),
	(404, '1998-02-14', 'email_404@gmail.com', 'Name #404', '6875838968', 404),
	(405, '1998-12-14', 'email_405@gmail.com', 'Name #405', '9620192921', 405),
	(406, '1998-01-06', 'email_406@gmail.com', 'Name #406', '8546952365', 406),
	(407, '1998-03-23', 'email_407@gmail.com', 'Name #407', '9823600979', 407),
	(408, '1998-04-11', 'email_408@gmail.com', 'Name #408', '9102137230', 408),
	(409, '1998-03-23', 'email_409@gmail.com', 'Name #409', '5720384072', 409),
	(410, '1998-10-03', 'email_410@gmail.com', 'Name #410', '6194488240', 410),
	(411, '1998-05-13', 'email_411@gmail.com', 'Name #411', '8471537767', 411),
	(412, '1998-12-11', 'email_412@gmail.com', 'Name #412', '9115513672', 412),
	(413, '1998-05-08', 'email_413@gmail.com', 'Name #413', '9256729488', 413),
	(414, '1998-08-24', 'email_414@gmail.com', 'Name #414', '4352908409', 414),
	(415, '1998-11-06', 'email_415@gmail.com', 'Name #415', '7627948518', 415),
	(416, '1998-03-02', 'email_416@gmail.com', 'Name #416', '1176416861', 416),
	(417, '1998-04-01', 'email_417@gmail.com', 'Name #417', '4347571154', 417),
	(418, '1998-11-24', 'email_418@gmail.com', 'Name #418', '7940438284', 418),
	(419, '1998-05-25', 'email_419@gmail.com', 'Name #419', '8598877124', 419),
	(420, '1998-07-13', 'email_420@gmail.com', 'Name #420', '9332633341', 420),
	(421, '1998-03-19', 'email_421@gmail.com', 'Name #421', '9393533718', 421),
	(422, '1998-05-06', 'email_422@gmail.com', 'Name #422', '5866924407', 422),
	(423, '1998-07-01', 'email_423@gmail.com', 'Name #423', '5880419727', 423),
	(424, '1998-06-23', 'email_424@gmail.com', 'Name #424', '8841279556', 424),
	(425, '1998-05-02', 'email_425@gmail.com', 'Name #425', '7135106225', 425),
	(426, '1998-10-12', 'email_426@gmail.com', 'Name #426', '4107262546', 426),
	(427, '1998-11-19', 'email_427@gmail.com', 'Name #427', '1935188304', 427),
	(428, '1998-04-26', 'email_428@gmail.com', 'Name #428', '4789093366', 428),
	(429, '1998-08-06', 'email_429@gmail.com', 'Name #429', '3210565696', 429),
	(430, '1998-02-17', 'email_430@gmail.com', 'Name #430', '1701591559', 430),
	(431, '1998-03-07', 'email_431@gmail.com', 'Name #431', '2281330010', 431),
	(432, '1998-01-23', 'email_432@gmail.com', 'Name #432', '5997831595', 432),
	(433, '1998-07-23', 'email_433@gmail.com', 'Name #433', '1553776058', 433),
	(434, '1998-02-13', 'email_434@gmail.com', 'Name #434', '8966330553', 434),
	(435, '1998-09-11', 'email_435@gmail.com', 'Name #435', '5771266136', 435),
	(436, '1998-12-24', 'email_436@gmail.com', 'Name #436', '1941291363', 436),
	(437, '1998-12-19', 'email_437@gmail.com', 'Name #437', '2117077488', 437),
	(438, '1998-07-13', 'email_438@gmail.com', 'Name #438', '5601746606', 438),
	(439, '1998-09-10', 'email_439@gmail.com', 'Name #439', '2564208137', 439),
	(440, '1998-07-19', 'email_440@gmail.com', 'Name #440', '1505249833', 440),
	(441, '1998-07-20', 'email_441@gmail.com', 'Name #441', '4305468935', 441),
	(442, '1998-03-28', 'email_442@gmail.com', 'Name #442', '2363200456', 442),
	(443, '1998-04-22', 'email_443@gmail.com', 'Name #443', '2943708373', 443),
	(444, '1998-09-28', 'email_444@gmail.com', 'Name #444', '6411903539', 444),
	(445, '1998-10-12', 'email_445@gmail.com', 'Name #445', '3475379659', 445),
	(446, '1998-02-19', 'email_446@gmail.com', 'Name #446', '7671411174', 446),
	(447, '1998-03-15', 'email_447@gmail.com', 'Name #447', '2670864488', 447),
	(448, '1998-11-16', 'email_448@gmail.com', 'Name #448', '2315895174', 448),
	(449, '1998-08-22', 'email_449@gmail.com', 'Name #449', '1118534540', 449),
	(450, '1998-07-02', 'email_450@gmail.com', 'Name #450', '9814490214', 450),
	(451, '1998-09-17', 'email_451@gmail.com', 'Name #451', '2570200461', 451),
	(452, '1998-01-19', 'email_452@gmail.com', 'Name #452', '1848273901', 452),
	(453, '1998-11-15', 'email_453@gmail.com', 'Name #453', '5048087948', 453),
	(454, '1998-05-08', 'email_454@gmail.com', 'Name #454', '9303779589', 454),
	(455, '1998-03-05', 'email_455@gmail.com', 'Name #455', '2004305514', 455),
	(456, '1998-11-26', 'email_456@gmail.com', 'Name #456', '8326499578', 456),
	(457, '1998-10-11', 'email_457@gmail.com', 'Name #457', '6456237677', 457),
	(458, '1998-03-03', 'email_458@gmail.com', 'Name #458', '5800742764', 458),
	(459, '1998-10-10', 'email_459@gmail.com', 'Name #459', '8536783522', 459),
	(460, '1998-04-20', 'email_460@gmail.com', 'Name #460', '8101074313', 460),
	(461, '1998-08-11', 'email_461@gmail.com', 'Name #461', '7687694958', 461),
	(462, '1998-10-26', 'email_462@gmail.com', 'Name #462', '2265120979', 462),
	(463, '1998-01-28', 'email_463@gmail.com', 'Name #463', '1518608036', 463),
	(464, '1998-03-11', 'email_464@gmail.com', 'Name #464', '6396393035', 464),
	(465, '1998-03-05', 'email_465@gmail.com', 'Name #465', '9865146941', 465),
	(466, '1998-06-01', 'email_466@gmail.com', 'Name #466', '8815300192', 466),
	(467, '1998-09-15', 'email_467@gmail.com', 'Name #467', '8244488559', 467),
	(468, '1998-05-02', 'email_468@gmail.com', 'Name #468', '1734266423', 468),
	(469, '1998-02-09', 'email_469@gmail.com', 'Name #469', '8052493540', 469),
	(470, '1998-09-11', 'email_470@gmail.com', 'Name #470', '3973634576', 470),
	(471, '1998-12-03', 'email_471@gmail.com', 'Name #471', '8333214041', 471),
	(472, '1998-09-27', 'email_472@gmail.com', 'Name #472', '6424442546', 472),
	(473, '1998-05-24', 'email_473@gmail.com', 'Name #473', '9081510799', 473),
	(474, '1998-12-28', 'email_474@gmail.com', 'Name #474', '1484981955', 474),
	(475, '1998-02-24', 'email_475@gmail.com', 'Name #475', '3881639610', 475),
	(476, '1998-05-14', 'email_476@gmail.com', 'Name #476', '7706099062', 476),
	(477, '1998-05-11', 'email_477@gmail.com', 'Name #477', '8787816427', 477),
	(478, '1998-09-23', 'email_478@gmail.com', 'Name #478', '5289752874', 478),
	(479, '1998-04-05', 'email_479@gmail.com', 'Name #479', '3733415548', 479),
	(480, '1998-03-03', 'email_480@gmail.com', 'Name #480', '6194084677', 480),
	(481, '1998-01-08', 'email_481@gmail.com', 'Name #481', '1563003255', 481),
	(482, '1998-04-28', 'email_482@gmail.com', 'Name #482', '6651261731', 482),
	(483, '1998-09-28', 'email_483@gmail.com', 'Name #483', '5733861004', 483),
	(484, '1998-09-22', 'email_484@gmail.com', 'Name #484', '4036536982', 484),
	(485, '1998-08-14', 'email_485@gmail.com', 'Name #485', '6777238758', 485),
	(486, '1998-02-10', 'email_486@gmail.com', 'Name #486', '6094445531', 486),
	(487, '1998-03-15', 'email_487@gmail.com', 'Name #487', '7800526912', 487),
	(488, '1998-02-08', 'email_488@gmail.com', 'Name #488', '9571375053', 488),
	(489, '1998-09-11', 'email_489@gmail.com', 'Name #489', '2081750241', 489),
	(490, '1998-06-24', 'email_490@gmail.com', 'Name #490', '2384438313', 490),
	(491, '1998-09-07', 'email_491@gmail.com', 'Name #491', '3521554833', 491),
	(492, '1998-04-22', 'email_492@gmail.com', 'Name #492', '1932295374', 492),
	(493, '1998-06-04', 'email_493@gmail.com', 'Name #493', '1927963176', 493),
	(494, '1998-07-02', 'email_494@gmail.com', 'Name #494', '1901267464', 494),
	(495, '1998-08-07', 'email_495@gmail.com', 'Name #495', '3070642258', 495),
	(496, '1998-12-24', 'email_496@gmail.com', 'Name #496', '1977024313', 496),
	(497, '1998-02-02', 'email_497@gmail.com', 'Name #497', '2445449256', 497),
	(498, '1998-04-11', 'email_498@gmail.com', 'Name #498', '5830791755', 498),
	(499, '1998-01-24', 'email_499@gmail.com', 'Name #499', '2143351814', 499),
	(500, '1998-10-01', 'email_500@gmail.com', 'Name #500', '9620861325', 500),
	(501, '1998-11-22', 'email_501@gmail.com', 'Name #501', '2592945044', 501),
	(502, '1998-01-28', 'email_502@gmail.com', 'Name #502', '6802449633', 502),
	(503, '1998-06-22', 'email_503@gmail.com', 'Name #503', '5337929540', 503),
	(504, '1998-10-04', 'email_504@gmail.com', 'Name #504', '1531492208', 504),
	(505, '1998-01-20', 'email_505@gmail.com', 'Name #505', '1171001744', 505),
	(506, '1998-07-10', 'email_506@gmail.com', 'Name #506', '8751450410', 506),
	(507, '1998-05-07', 'email_507@gmail.com', 'Name #507', '1120244029', 507),
	(508, '1998-04-24', 'email_508@gmail.com', 'Name #508', '2459176228', 508),
	(509, '1998-02-14', 'email_509@gmail.com', 'Name #509', '3561023551', 509),
	(510, '1998-04-18', 'email_510@gmail.com', 'Name #510', '1675398319', 510),
	(511, '1998-09-13', 'email_511@gmail.com', 'Name #511', '4805360538', 511),
	(512, '1998-02-10', 'email_512@gmail.com', 'Name #512', '2431053970', 512),
	(513, '1998-09-09', 'email_513@gmail.com', 'Name #513', '1209190299', 513),
	(514, '1998-02-11', 'email_514@gmail.com', 'Name #514', '1360652244', 514),
	(515, '1998-01-20', 'email_515@gmail.com', 'Name #515', '8709318505', 515),
	(516, '1998-05-17', 'email_516@gmail.com', 'Name #516', '7460565385', 516),
	(517, '1998-12-28', 'email_517@gmail.com', 'Name #517', '3108407028', 517),
	(518, '1998-04-10', 'email_518@gmail.com', 'Name #518', '7571557119', 518),
	(519, '1998-08-06', 'email_519@gmail.com', 'Name #519', '2372320632', 519),
	(520, '1998-01-23', 'email_520@gmail.com', 'Name #520', '4902247254', 520),
	(521, '1998-06-11', 'email_521@gmail.com', 'Name #521', '6862385158', 521),
	(522, '1998-01-15', 'email_522@gmail.com', 'Name #522', '1185759809', 522),
	(523, '1998-04-17', 'email_523@gmail.com', 'Name #523', '7617587184', 523),
	(524, '1998-11-16', 'email_524@gmail.com', 'Name #524', '8260008404', 524),
	(525, '1998-10-17', 'email_525@gmail.com', 'Name #525', '8405171302', 525),
	(526, '1998-01-01', 'email_526@gmail.com', 'Name #526', '6729191547', 526),
	(527, '1998-06-16', 'email_527@gmail.com', 'Name #527', '2199042050', 527),
	(528, '1998-12-21', 'email_528@gmail.com', 'Name #528', '1610182732', 528),
	(529, '1998-06-19', 'email_529@gmail.com', 'Name #529', '9934177892', 529),
	(530, '1998-02-20', 'email_530@gmail.com', 'Name #530', '4377689090', 530),
	(531, '1998-09-07', 'email_531@gmail.com', 'Name #531', '4869457867', 531),
	(532, '1998-01-05', 'email_532@gmail.com', 'Name #532', '9277672637', 532),
	(533, '1998-02-10', 'email_533@gmail.com', 'Name #533', '5765652057', 533),
	(534, '1998-05-07', 'email_534@gmail.com', 'Name #534', '3483328042', 534),
	(535, '1998-09-26', 'email_535@gmail.com', 'Name #535', '4497413474', 535),
	(536, '1998-10-06', 'email_536@gmail.com', 'Name #536', '1925580107', 536),
	(537, '1998-03-08', 'email_537@gmail.com', 'Name #537', '7246944265', 537),
	(538, '1998-03-19', 'email_538@gmail.com', 'Name #538', '9682058164', 538),
	(539, '1998-12-28', 'email_539@gmail.com', 'Name #539', '8687404150', 539),
	(540, '1998-11-23', 'email_540@gmail.com', 'Name #540', '3584276499', 540),
	(541, '1998-01-24', 'email_541@gmail.com', 'Name #541', '8071912568', 541),
	(542, '1998-09-16', 'email_542@gmail.com', 'Name #542', '4705395474', 542),
	(543, '1998-05-03', 'email_543@gmail.com', 'Name #543', '1206630732', 543),
	(544, '1998-12-06', 'email_544@gmail.com', 'Name #544', '9443870500', 544),
	(545, '1998-02-13', 'email_545@gmail.com', 'Name #545', '9858726816', 545),
	(546, '1998-01-02', 'email_546@gmail.com', 'Name #546', '9940172968', 546),
	(547, '1998-01-21', 'email_547@gmail.com', 'Name #547', '5463395718', 547),
	(548, '1998-12-21', 'email_548@gmail.com', 'Name #548', '8015953022', 548),
	(549, '1998-05-11', 'email_549@gmail.com', 'Name #549', '8297814559', 549),
	(550, '1998-07-28', 'email_550@gmail.com', 'Name #550', '4045315044', 550),
	(551, '1998-05-19', 'email_551@gmail.com', 'Name #551', '9119577491', 551),
	(552, '1998-10-27', 'email_552@gmail.com', 'Name #552', '8732732524', 552),
	(553, '1998-05-19', 'email_553@gmail.com', 'Name #553', '5829590164', 553),
	(554, '1998-06-17', 'email_554@gmail.com', 'Name #554', '5544583934', 554),
	(555, '1998-11-13', 'email_555@gmail.com', 'Name #555', '4591954301', 555),
	(556, '1998-08-28', 'email_556@gmail.com', 'Name #556', '4368205756', 556),
	(557, '1998-12-05', 'email_557@gmail.com', 'Name #557', '8223370994', 557),
	(558, '1998-09-06', 'email_558@gmail.com', 'Name #558', '5764527807', 558),
	(559, '1998-09-22', 'email_559@gmail.com', 'Name #559', '6884397092', 559),
	(560, '1998-04-19', 'email_560@gmail.com', 'Name #560', '9534643133', 560),
	(561, '1998-05-16', 'email_561@gmail.com', 'Name #561', '1567896977', 561),
	(562, '1998-02-08', 'email_562@gmail.com', 'Name #562', '5762498500', 562),
	(563, '1998-09-27', 'email_563@gmail.com', 'Name #563', '3815712558', 563),
	(564, '1998-04-13', 'email_564@gmail.com', 'Name #564', '1873320559', 564),
	(565, '1998-02-14', 'email_565@gmail.com', 'Name #565', '6932910043', 565),
	(566, '1998-11-21', 'email_566@gmail.com', 'Name #566', '7592821154', 566),
	(567, '1998-12-28', 'email_567@gmail.com', 'Name #567', '4158641978', 567),
	(568, '1998-09-24', 'email_568@gmail.com', 'Name #568', '6152854053', 568),
	(569, '1998-04-07', 'email_569@gmail.com', 'Name #569', '6488413683', 569),
	(570, '1998-04-22', 'email_570@gmail.com', 'Name #570', '3444462962', 570),
	(571, '1998-11-19', 'email_571@gmail.com', 'Name #571', '8919957423', 571),
	(572, '1998-04-10', 'email_572@gmail.com', 'Name #572', '3707628452', 572),
	(573, '1998-02-06', 'email_573@gmail.com', 'Name #573', '9565740454', 573),
	(574, '1998-03-25', 'email_574@gmail.com', 'Name #574', '9185185966', 574),
	(575, '1998-02-18', 'email_575@gmail.com', 'Name #575', '6284331551', 575),
	(576, '1998-05-26', 'email_576@gmail.com', 'Name #576', '3915365891', 576),
	(577, '1998-06-06', 'email_577@gmail.com', 'Name #577', '6091239037', 577),
	(578, '1998-10-23', 'email_578@gmail.com', 'Name #578', '4388017568', 578),
	(579, '1998-05-16', 'email_579@gmail.com', 'Name #579', '3490477897', 579),
	(580, '1998-11-14', 'email_580@gmail.com', 'Name #580', '9555596564', 580),
	(581, '1998-05-17', 'email_581@gmail.com', 'Name #581', '1614554431', 581),
	(582, '1998-04-05', 'email_582@gmail.com', 'Name #582', '2652412032', 582),
	(583, '1998-06-14', 'email_583@gmail.com', 'Name #583', '8725599953', 583),
	(584, '1998-03-24', 'email_584@gmail.com', 'Name #584', '8023287128', 584),
	(585, '1998-02-02', 'email_585@gmail.com', 'Name #585', '4393937146', 585),
	(586, '1998-03-18', 'email_586@gmail.com', 'Name #586', '3743530222', 586),
	(587, '1998-10-22', 'email_587@gmail.com', 'Name #587', '9709373784', 587),
	(588, '1998-01-11', 'email_588@gmail.com', 'Name #588', '5618065918', 588),
	(589, '1998-04-13', 'email_589@gmail.com', 'Name #589', '7719750882', 589),
	(590, '1998-09-26', 'email_590@gmail.com', 'Name #590', '3753133314', 590),
	(591, '1998-12-22', 'email_591@gmail.com', 'Name #591', '9551887729', 591),
	(592, '1998-02-02', 'email_592@gmail.com', 'Name #592', '2808529419', 592),
	(593, '1998-02-20', 'email_593@gmail.com', 'Name #593', '4130137710', 593),
	(594, '1998-03-23', 'email_594@gmail.com', 'Name #594', '6895831098', 594),
	(595, '1998-05-21', 'email_595@gmail.com', 'Name #595', '9208083737', 595),
	(596, '1998-05-23', 'email_596@gmail.com', 'Name #596', '7693511466', 596),
	(597, '1998-01-06', 'email_597@gmail.com', 'Name #597', '1475138697', 597),
	(598, '1998-06-21', 'email_598@gmail.com', 'Name #598', '2806792226', 598),
	(599, '1998-11-03', 'email_599@gmail.com', 'Name #599', '8995446213', 599),
	(600, '1998-08-19', 'email_600@gmail.com', 'Name #600', '3770005988', 600),
	(601, '1998-10-18', 'email_601@gmail.com', 'Name #601', '1293051581', 601),
	(602, '1998-03-20', 'email_602@gmail.com', 'Name #602', '5113696404', 602),
	(603, '1998-07-07', 'email_603@gmail.com', 'Name #603', '9962258574', 603),
	(604, '1998-12-15', 'email_604@gmail.com', 'Name #604', '5705021094', 604),
	(605, '1998-06-12', 'email_605@gmail.com', 'Name #605', '2194535224', 605),
	(606, '1998-02-28', 'email_606@gmail.com', 'Name #606', '5234132184', 606),
	(607, '1998-07-23', 'email_607@gmail.com', 'Name #607', '3286712246', 607),
	(608, '1998-05-23', 'email_608@gmail.com', 'Name #608', '3784319553', 608),
	(609, '1998-12-21', 'email_609@gmail.com', 'Name #609', '1824812954', 609),
	(610, '1998-11-23', 'email_610@gmail.com', 'Name #610', '2771833004', 610),
	(611, '1998-01-17', 'email_611@gmail.com', 'Name #611', '7528747474', 611),
	(612, '1998-04-15', 'email_612@gmail.com', 'Name #612', '6379267020', 612),
	(613, '1998-03-02', 'email_613@gmail.com', 'Name #613', '1120340172', 613),
	(614, '1998-05-17', 'email_614@gmail.com', 'Name #614', '8154390684', 614),
	(615, '1998-03-14', 'email_615@gmail.com', 'Name #615', '7318833305', 615),
	(616, '1998-07-01', 'email_616@gmail.com', 'Name #616', '1381945050', 616),
	(617, '1998-02-13', 'email_617@gmail.com', 'Name #617', '5725158721', 617),
	(618, '1998-10-09', 'email_618@gmail.com', 'Name #618', '1268666753', 618),
	(619, '1998-09-10', 'email_619@gmail.com', 'Name #619', '3378462419', 619),
	(620, '1998-01-04', 'email_620@gmail.com', 'Name #620', '9012369913', 620),
	(621, '1998-07-20', 'email_621@gmail.com', 'Name #621', '4466713822', 621),
	(622, '1998-11-20', 'email_622@gmail.com', 'Name #622', '6005256293', 622),
	(623, '1998-07-12', 'email_623@gmail.com', 'Name #623', '5083644849', 623),
	(624, '1998-04-05', 'email_624@gmail.com', 'Name #624', '2590690159', 624),
	(625, '1998-09-23', 'email_625@gmail.com', 'Name #625', '1163454988', 625),
	(626, '1998-05-28', 'email_626@gmail.com', 'Name #626', '1918933611', 626),
	(627, '1998-01-25', 'email_627@gmail.com', 'Name #627', '3146079026', 627),
	(628, '1998-02-12', 'email_628@gmail.com', 'Name #628', '8030918294', 628),
	(629, '1998-10-14', 'email_629@gmail.com', 'Name #629', '6335991636', 629),
	(630, '1998-10-05', 'email_630@gmail.com', 'Name #630', '3013043450', 630),
	(631, '1998-10-12', 'email_631@gmail.com', 'Name #631', '8979288226', 631),
	(632, '1998-09-10', 'email_632@gmail.com', 'Name #632', '6877703336', 632),
	(633, '1998-10-13', 'email_633@gmail.com', 'Name #633', '8493217664', 633),
	(634, '1998-10-09', 'email_634@gmail.com', 'Name #634', '8439636193', 634),
	(635, '1998-02-17', 'email_635@gmail.com', 'Name #635', '9098406691', 635),
	(636, '1998-12-03', 'email_636@gmail.com', 'Name #636', '6335852402', 636),
	(637, '1998-03-17', 'email_637@gmail.com', 'Name #637', '9967061143', 637),
	(638, '1998-07-10', 'email_638@gmail.com', 'Name #638', '8811639011', 638),
	(639, '1998-08-18', 'email_639@gmail.com', 'Name #639', '2542976887', 639),
	(640, '1998-08-01', 'email_640@gmail.com', 'Name #640', '6492002180', 640),
	(641, '1998-08-09', 'email_641@gmail.com', 'Name #641', '3675746280', 641),
	(642, '1998-02-21', 'email_642@gmail.com', 'Name #642', '5130490347', 642),
	(643, '1998-01-24', 'email_643@gmail.com', 'Name #643', '5181504579', 643),
	(644, '1998-04-09', 'email_644@gmail.com', 'Name #644', '3129019133', 644),
	(645, '1998-07-04', 'email_645@gmail.com', 'Name #645', '7727364101', 645),
	(646, '1998-12-08', 'email_646@gmail.com', 'Name #646', '6514018464', 646),
	(647, '1998-08-12', 'email_647@gmail.com', 'Name #647', '3581367772', 647),
	(648, '1998-06-07', 'email_648@gmail.com', 'Name #648', '5195202465', 648),
	(649, '1998-07-27', 'email_649@gmail.com', 'Name #649', '5209826616', 649),
	(650, '1998-02-23', 'email_650@gmail.com', 'Name #650', '8150515920', 650),
	(651, '1998-09-15', 'email_651@gmail.com', 'Name #651', '4995383155', 651),
	(652, '1998-05-25', 'email_652@gmail.com', 'Name #652', '2675633414', 652),
	(653, '1998-11-19', 'email_653@gmail.com', 'Name #653', '9771628056', 653),
	(654, '1998-06-21', 'email_654@gmail.com', 'Name #654', '9567269279', 654),
	(655, '1998-02-03', 'email_655@gmail.com', 'Name #655', '5248726980', 655),
	(656, '1998-05-25', 'email_656@gmail.com', 'Name #656', '7938355977', 656),
	(657, '1998-10-03', 'email_657@gmail.com', 'Name #657', '7284378147', 657),
	(658, '1998-05-23', 'email_658@gmail.com', 'Name #658', '6245179736', 658),
	(659, '1998-10-10', 'email_659@gmail.com', 'Name #659', '7810221633', 659),
	(660, '1998-02-18', 'email_660@gmail.com', 'Name #660', '2100557412', 660),
	(661, '1998-01-25', 'email_661@gmail.com', 'Name #661', '3259631651', 661),
	(662, '1998-07-10', 'email_662@gmail.com', 'Name #662', '6776792329', 662),
	(663, '1998-05-11', 'email_663@gmail.com', 'Name #663', '5286839442', 663),
	(664, '1998-10-11', 'email_664@gmail.com', 'Name #664', '2986442754', 664),
	(665, '1998-01-27', 'email_665@gmail.com', 'Name #665', '3066490108', 665),
	(666, '1998-11-28', 'email_666@gmail.com', 'Name #666', '5251665938', 666),
	(667, '1998-01-09', 'email_667@gmail.com', 'Name #667', '6139695271', 667),
	(668, '1998-11-21', 'email_668@gmail.com', 'Name #668', '6819963376', 668),
	(669, '1998-11-14', 'email_669@gmail.com', 'Name #669', '3903485659', 669),
	(670, '1998-12-26', 'email_670@gmail.com', 'Name #670', '3172767341', 670),
	(671, '1998-05-18', 'email_671@gmail.com', 'Name #671', '1588538371', 671),
	(672, '1998-02-03', 'email_672@gmail.com', 'Name #672', '5719746308', 672),
	(673, '1998-10-16', 'email_673@gmail.com', 'Name #673', '1628795903', 673),
	(674, '1998-10-18', 'email_674@gmail.com', 'Name #674', '6256529102', 674),
	(675, '1998-10-12', 'email_675@gmail.com', 'Name #675', '2012413097', 675),
	(676, '1998-12-12', 'email_676@gmail.com', 'Name #676', '8579711952', 676),
	(677, '1998-05-08', 'email_677@gmail.com', 'Name #677', '7983364235', 677),
	(678, '1998-07-05', 'email_678@gmail.com', 'Name #678', '2108362299', 678),
	(679, '1998-01-28', 'email_679@gmail.com', 'Name #679', '4936408769', 679),
	(680, '1998-04-17', 'email_680@gmail.com', 'Name #680', '8468166094', 680),
	(681, '1998-03-21', 'email_681@gmail.com', 'Name #681', '3119708280', 681),
	(682, '1998-07-28', 'email_682@gmail.com', 'Name #682', '5550785419', 682),
	(683, '1998-08-17', 'email_683@gmail.com', 'Name #683', '7427997115', 683),
	(684, '1998-03-11', 'email_684@gmail.com', 'Name #684', '8706179996', 684),
	(685, '1998-10-14', 'email_685@gmail.com', 'Name #685', '9820406405', 685),
	(686, '1998-02-21', 'email_686@gmail.com', 'Name #686', '8895728761', 686),
	(687, '1998-02-08', 'email_687@gmail.com', 'Name #687', '7267049129', 687),
	(688, '1998-01-10', 'email_688@gmail.com', 'Name #688', '6672467257', 688),
	(689, '1998-09-22', 'email_689@gmail.com', 'Name #689', '9509902922', 689),
	(690, '1998-09-06', 'email_690@gmail.com', 'Name #690', '3993441633', 690),
	(691, '1998-02-21', 'email_691@gmail.com', 'Name #691', '1356373607', 691),
	(692, '1998-09-25', 'email_692@gmail.com', 'Name #692', '6825205148', 692),
	(693, '1998-07-19', 'email_693@gmail.com', 'Name #693', '5265090815', 693),
	(694, '1998-09-27', 'email_694@gmail.com', 'Name #694', '2464597744', 694),
	(695, '1998-04-27', 'email_695@gmail.com', 'Name #695', '4710548005', 695),
	(696, '1998-10-03', 'email_696@gmail.com', 'Name #696', '4288063282', 696),
	(697, '1998-02-21', 'email_697@gmail.com', 'Name #697', '9835291456', 697),
	(698, '1998-08-06', 'email_698@gmail.com', 'Name #698', '3815416023', 698),
	(699, '1998-09-02', 'email_699@gmail.com', 'Name #699', '6946012410', 699),
	(700, '1998-01-11', 'email_700@gmail.com', 'Name #700', '4424016607', 700),
	(701, '1998-09-03', 'email_701@gmail.com', 'Name #701', '7693699939', 701),
	(702, '1998-07-01', 'email_702@gmail.com', 'Name #702', '9504136983', 702),
	(703, '1998-03-15', 'email_703@gmail.com', 'Name #703', '2459928729', 703),
	(704, '1998-08-18', 'email_704@gmail.com', 'Name #704', '4927798442', 704),
	(705, '1998-03-11', 'email_705@gmail.com', 'Name #705', '8357897839', 705),
	(706, '1998-07-18', 'email_706@gmail.com', 'Name #706', '2523854605', 706),
	(707, '1998-02-25', 'email_707@gmail.com', 'Name #707', '5201863007', 707),
	(708, '1998-07-11', 'email_708@gmail.com', 'Name #708', '1407355533', 708),
	(709, '1998-02-21', 'email_709@gmail.com', 'Name #709', '1937652037', 709),
	(710, '1998-08-28', 'email_710@gmail.com', 'Name #710', '7416941445', 710),
	(711, '1998-11-05', 'email_711@gmail.com', 'Name #711', '8324774017', 711),
	(712, '1998-06-28', 'email_712@gmail.com', 'Name #712', '1141952521', 712),
	(713, '1998-09-15', 'email_713@gmail.com', 'Name #713', '4226897609', 713),
	(714, '1998-01-07', 'email_714@gmail.com', 'Name #714', '7367283305', 714),
	(715, '1998-12-01', 'email_715@gmail.com', 'Name #715', '7124085433', 715),
	(716, '1998-12-13', 'email_716@gmail.com', 'Name #716', '6324933028', 716),
	(717, '1998-03-25', 'email_717@gmail.com', 'Name #717', '8438510064', 717),
	(718, '1998-11-19', 'email_718@gmail.com', 'Name #718', '3818182747', 718),
	(719, '1998-05-11', 'email_719@gmail.com', 'Name #719', '6202986945', 719),
	(720, '1998-04-23', 'email_720@gmail.com', 'Name #720', '9211703662', 720),
	(721, '1998-11-08', 'email_721@gmail.com', 'Name #721', '3755633218', 721),
	(722, '1998-02-27', 'email_722@gmail.com', 'Name #722', '3549427861', 722),
	(723, '1998-03-21', 'email_723@gmail.com', 'Name #723', '5715140932', 723),
	(724, '1998-08-25', 'email_724@gmail.com', 'Name #724', '4672047902', 724),
	(725, '1998-10-18', 'email_725@gmail.com', 'Name #725', '7103771664', 725),
	(726, '1998-04-06', 'email_726@gmail.com', 'Name #726', '6888374775', 726),
	(727, '1998-04-13', 'email_727@gmail.com', 'Name #727', '5974952746', 727),
	(728, '1998-08-05', 'email_728@gmail.com', 'Name #728', '2409825416', 728),
	(729, '1998-09-15', 'email_729@gmail.com', 'Name #729', '9289165253', 729),
	(730, '1998-03-03', 'email_730@gmail.com', 'Name #730', '8500670335', 730),
	(731, '1998-05-21', 'email_731@gmail.com', 'Name #731', '3294108236', 731),
	(732, '1998-10-14', 'email_732@gmail.com', 'Name #732', '6045639968', 732),
	(733, '1998-01-11', 'email_733@gmail.com', 'Name #733', '4077530664', 733),
	(734, '1998-10-27', 'email_734@gmail.com', 'Name #734', '1903376168', 734),
	(735, '1998-04-07', 'email_735@gmail.com', 'Name #735', '8010554178', 735),
	(736, '1998-09-13', 'email_736@gmail.com', 'Name #736', '9608084430', 736),
	(737, '1998-09-21', 'email_737@gmail.com', 'Name #737', '3790620511', 737),
	(738, '1998-01-24', 'email_738@gmail.com', 'Name #738', '2255463175', 738),
	(739, '1998-03-21', 'email_739@gmail.com', 'Name #739', '8968904907', 739),
	(740, '1998-08-11', 'email_740@gmail.com', 'Name #740', '4696627995', 740),
	(741, '1998-04-17', 'email_741@gmail.com', 'Name #741', '8560460852', 741),
	(742, '1998-02-15', 'email_742@gmail.com', 'Name #742', '4632902912', 742),
	(743, '1998-08-24', 'email_743@gmail.com', 'Name #743', '3700623620', 743),
	(744, '1998-06-20', 'email_744@gmail.com', 'Name #744', '8669260081', 744),
	(745, '1998-01-16', 'email_745@gmail.com', 'Name #745', '7616333370', 745),
	(746, '1998-09-17', 'email_746@gmail.com', 'Name #746', '9005834307', 746),
	(747, '1998-12-15', 'email_747@gmail.com', 'Name #747', '5522755782', 747),
	(748, '1998-05-04', 'email_748@gmail.com', 'Name #748', '4330050478', 748),
	(749, '1998-10-07', 'email_749@gmail.com', 'Name #749', '6200149151', 749),
	(750, '1998-09-04', 'email_750@gmail.com', 'Name #750', '4794506332', 750),
	(751, '1998-09-11', 'email_751@gmail.com', 'Name #751', '3194643883', 751),
	(752, '1998-10-01', 'email_752@gmail.com', 'Name #752', '1703718632', 752),
	(753, '1998-06-10', 'email_753@gmail.com', 'Name #753', '5908993634', 753),
	(754, '1998-01-26', 'email_754@gmail.com', 'Name #754', '9483860053', 754),
	(755, '1998-04-19', 'email_755@gmail.com', 'Name #755', '2893602728', 755),
	(756, '1998-09-13', 'email_756@gmail.com', 'Name #756', '8215210481', 756),
	(757, '1998-11-11', 'email_757@gmail.com', 'Name #757', '2290694389', 757),
	(758, '1998-09-03', 'email_758@gmail.com', 'Name #758', '3652872925', 758),
	(759, '1998-03-01', 'email_759@gmail.com', 'Name #759', '8774889186', 759),
	(760, '1998-06-03', 'email_760@gmail.com', 'Name #760', '2465695139', 760),
	(761, '1998-10-04', 'email_761@gmail.com', 'Name #761', '6873006603', 761),
	(762, '1998-07-22', 'email_762@gmail.com', 'Name #762', '2622247555', 762),
	(763, '1998-05-26', 'email_763@gmail.com', 'Name #763', '9841444844', 763),
	(764, '1998-10-25', 'email_764@gmail.com', 'Name #764', '2434751475', 764),
	(765, '1998-11-27', 'email_765@gmail.com', 'Name #765', '6383310289', 765),
	(766, '1998-11-23', 'email_766@gmail.com', 'Name #766', '4192234169', 766),
	(767, '1998-02-20', 'email_767@gmail.com', 'Name #767', '9608362006', 767),
	(768, '1998-04-01', 'email_768@gmail.com', 'Name #768', '2863423128', 768),
	(769, '1998-06-15', 'email_769@gmail.com', 'Name #769', '7199352048', 769),
	(770, '1998-04-09', 'email_770@gmail.com', 'Name #770', '4075639468', 770),
	(771, '1998-04-22', 'email_771@gmail.com', 'Name #771', '7827514838', 771),
	(772, '1998-01-27', 'email_772@gmail.com', 'Name #772', '8999537363', 772),
	(773, '1998-01-13', 'email_773@gmail.com', 'Name #773', '2831859455', 773),
	(774, '1998-09-12', 'email_774@gmail.com', 'Name #774', '7404162410', 774),
	(775, '1998-06-16', 'email_775@gmail.com', 'Name #775', '9275482425', 775),
	(776, '1998-10-20', 'email_776@gmail.com', 'Name #776', '7114198935', 776),
	(777, '1998-07-17', 'email_777@gmail.com', 'Name #777', '2114414284', 777),
	(778, '1998-09-18', 'email_778@gmail.com', 'Name #778', '8351578921', 778),
	(779, '1998-03-18', 'email_779@gmail.com', 'Name #779', '2974822233', 779),
	(780, '1998-09-08', 'email_780@gmail.com', 'Name #780', '7825017129', 780),
	(781, '1998-07-08', 'email_781@gmail.com', 'Name #781', '9072195291', 781),
	(782, '1998-08-16', 'email_782@gmail.com', 'Name #782', '2764605061', 782),
	(783, '1998-08-01', 'email_783@gmail.com', 'Name #783', '9368631488', 783),
	(784, '1998-11-11', 'email_784@gmail.com', 'Name #784', '4037042593', 784),
	(785, '1998-12-28', 'email_785@gmail.com', 'Name #785', '2577328435', 785),
	(786, '1998-01-16', 'email_786@gmail.com', 'Name #786', '4818179193', 786),
	(787, '1998-12-11', 'email_787@gmail.com', 'Name #787', '7332265802', 787),
	(788, '1998-09-18', 'email_788@gmail.com', 'Name #788', '7866613630', 788),
	(789, '1998-03-09', 'email_789@gmail.com', 'Name #789', '5080515071', 789),
	(790, '1998-03-28', 'email_790@gmail.com', 'Name #790', '8503394514', 790),
	(791, '1998-11-26', 'email_791@gmail.com', 'Name #791', '9835200245', 791),
	(792, '1998-12-17', 'email_792@gmail.com', 'Name #792', '3842144163', 792),
	(793, '1998-09-24', 'email_793@gmail.com', 'Name #793', '7812662225', 793),
	(794, '1998-04-04', 'email_794@gmail.com', 'Name #794', '3471631250', 794),
	(795, '1998-08-24', 'email_795@gmail.com', 'Name #795', '3585728258', 795),
	(796, '1998-01-25', 'email_796@gmail.com', 'Name #796', '7285589359', 796),
	(797, '1998-11-22', 'email_797@gmail.com', 'Name #797', '7170671791', 797),
	(798, '1998-01-22', 'email_798@gmail.com', 'Name #798', '7681119018', 798),
	(799, '1998-08-14', 'email_799@gmail.com', 'Name #799', '3408575820', 799),
	(800, '1998-03-26', 'email_800@gmail.com', 'Name #800', '9329615503', 800),
	(801, '1998-08-25', 'email_801@gmail.com', 'Name #801', '1732040489', 801),
	(802, '1998-08-08', 'email_802@gmail.com', 'Name #802', '2424501710', 802),
	(803, '1998-01-28', 'email_803@gmail.com', 'Name #803', '8265130471', 803),
	(804, '1998-09-16', 'email_804@gmail.com', 'Name #804', '7328406973', 804),
	(805, '1998-07-16', 'email_805@gmail.com', 'Name #805', '5046002768', 805),
	(806, '1998-09-03', 'email_806@gmail.com', 'Name #806', '3357215043', 806),
	(807, '1998-07-22', 'email_807@gmail.com', 'Name #807', '6759361953', 807),
	(808, '1998-08-05', 'email_808@gmail.com', 'Name #808', '6877339699', 808),
	(809, '1998-03-10', 'email_809@gmail.com', 'Name #809', '4954698958', 809),
	(810, '1998-07-25', 'email_810@gmail.com', 'Name #810', '4214201250', 810),
	(811, '1998-08-27', 'email_811@gmail.com', 'Name #811', '2785834243', 811),
	(812, '1998-03-16', 'email_812@gmail.com', 'Name #812', '6195786646', 812),
	(813, '1998-02-21', 'email_813@gmail.com', 'Name #813', '8454622899', 813),
	(814, '1998-09-18', 'email_814@gmail.com', 'Name #814', '6305284245', 814),
	(815, '1998-12-20', 'email_815@gmail.com', 'Name #815', '5441035535', 815),
	(816, '1998-08-22', 'email_816@gmail.com', 'Name #816', '8275923110', 816),
	(817, '1998-11-22', 'email_817@gmail.com', 'Name #817', '4942213685', 817),
	(818, '1998-06-05', 'email_818@gmail.com', 'Name #818', '9046522960', 818),
	(819, '1998-06-12', 'email_819@gmail.com', 'Name #819', '8090367402', 819),
	(820, '1998-01-03', 'email_820@gmail.com', 'Name #820', '7359775596', 820),
	(821, '1998-05-14', 'email_821@gmail.com', 'Name #821', '9457748173', 821),
	(822, '1998-01-14', 'email_822@gmail.com', 'Name #822', '1114393120', 822),
	(823, '1998-11-13', 'email_823@gmail.com', 'Name #823', '2948942642', 823),
	(824, '1998-08-12', 'email_824@gmail.com', 'Name #824', '3996819306', 824),
	(825, '1998-02-25', 'email_825@gmail.com', 'Name #825', '1846276336', 825),
	(826, '1998-10-09', 'email_826@gmail.com', 'Name #826', '2752438725', 826),
	(827, '1998-01-20', 'email_827@gmail.com', 'Name #827', '3535784168', 827),
	(828, '1998-04-05', 'email_828@gmail.com', 'Name #828', '7647873220', 828),
	(829, '1998-05-21', 'email_829@gmail.com', 'Name #829', '6181841410', 829),
	(830, '1998-04-04', 'email_830@gmail.com', 'Name #830', '5349922898', 830),
	(831, '1998-01-19', 'email_831@gmail.com', 'Name #831', '7505776373', 831),
	(832, '1998-05-12', 'email_832@gmail.com', 'Name #832', '1452380580', 832),
	(833, '1998-05-18', 'email_833@gmail.com', 'Name #833', '4914110059', 833),
	(834, '1998-09-19', 'email_834@gmail.com', 'Name #834', '6170786899', 834),
	(835, '1998-02-24', 'email_835@gmail.com', 'Name #835', '6625885831', 835),
	(836, '1998-08-18', 'email_836@gmail.com', 'Name #836', '6767434992', 836),
	(837, '1998-08-19', 'email_837@gmail.com', 'Name #837', '8976778676', 837),
	(838, '1998-03-09', 'email_838@gmail.com', 'Name #838', '3209973636', 838),
	(839, '1998-05-14', 'email_839@gmail.com', 'Name #839', '7532038876', 839),
	(840, '1998-06-07', 'email_840@gmail.com', 'Name #840', '9827927852', 840),
	(841, '1998-02-14', 'email_841@gmail.com', 'Name #841', '8281924714', 841),
	(842, '1998-06-03', 'email_842@gmail.com', 'Name #842', '3255545935', 842),
	(843, '1998-08-06', 'email_843@gmail.com', 'Name #843', '4948612932', 843),
	(844, '1998-01-13', 'email_844@gmail.com', 'Name #844', '4843525149', 844),
	(845, '1998-03-18', 'email_845@gmail.com', 'Name #845', '4970577072', 845),
	(846, '1998-06-11', 'email_846@gmail.com', 'Name #846', '8547375565', 846),
	(847, '1998-04-21', 'email_847@gmail.com', 'Name #847', '2554136698', 847),
	(848, '1998-08-06', 'email_848@gmail.com', 'Name #848', '4406325314', 848),
	(849, '1998-01-23', 'email_849@gmail.com', 'Name #849', '9034049663', 849),
	(850, '1998-04-01', 'email_850@gmail.com', 'Name #850', '9776454019', 850),
	(851, '1998-07-27', 'email_851@gmail.com', 'Name #851', '8950879082', 851),
	(852, '1998-04-21', 'email_852@gmail.com', 'Name #852', '4925778468', 852),
	(853, '1998-05-19', 'email_853@gmail.com', 'Name #853', '8859508545', 853),
	(854, '1998-01-28', 'email_854@gmail.com', 'Name #854', '3890942733', 854),
	(855, '1998-03-01', 'email_855@gmail.com', 'Name #855', '3367109106', 855),
	(856, '1998-07-08', 'email_856@gmail.com', 'Name #856', '3205313118', 856),
	(857, '1998-10-01', 'email_857@gmail.com', 'Name #857', '4977145223', 857),
	(858, '1998-01-16', 'email_858@gmail.com', 'Name #858', '8764186132', 858),
	(859, '1998-09-21', 'email_859@gmail.com', 'Name #859', '8060643140', 859),
	(860, '1998-05-23', 'email_860@gmail.com', 'Name #860', '9794617180', 860),
	(861, '1998-09-20', 'email_861@gmail.com', 'Name #861', '2942079953', 861),
	(862, '1998-04-12', 'email_862@gmail.com', 'Name #862', '5277231826', 862),
	(863, '1998-03-20', 'email_863@gmail.com', 'Name #863', '4686124665', 863),
	(864, '1998-07-18', 'email_864@gmail.com', 'Name #864', '9969653854', 864),
	(865, '1998-12-19', 'email_865@gmail.com', 'Name #865', '1581292382', 865),
	(866, '1998-04-19', 'email_866@gmail.com', 'Name #866', '1863813091', 866),
	(867, '1998-11-06', 'email_867@gmail.com', 'Name #867', '9646317598', 867),
	(868, '1998-03-17', 'email_868@gmail.com', 'Name #868', '7646212588', 868),
	(869, '1998-07-10', 'email_869@gmail.com', 'Name #869', '9814344390', 869),
	(870, '1998-09-14', 'email_870@gmail.com', 'Name #870', '1192445101', 870),
	(871, '1998-03-19', 'email_871@gmail.com', 'Name #871', '7994622889', 871),
	(872, '1998-03-01', 'email_872@gmail.com', 'Name #872', '6105001683', 872),
	(873, '1998-02-18', 'email_873@gmail.com', 'Name #873', '2520745525', 873),
	(874, '1998-09-19', 'email_874@gmail.com', 'Name #874', '3214616872', 874),
	(875, '1998-12-18', 'email_875@gmail.com', 'Name #875', '8078492387', 875),
	(876, '1998-02-02', 'email_876@gmail.com', 'Name #876', '8753016205', 876),
	(877, '1998-07-27', 'email_877@gmail.com', 'Name #877', '8098744162', 877),
	(878, '1998-01-10', 'email_878@gmail.com', 'Name #878', '2146091541', 878),
	(879, '1998-12-24', 'email_879@gmail.com', 'Name #879', '9248409294', 879),
	(880, '1998-06-10', 'email_880@gmail.com', 'Name #880', '8366021171', 880),
	(881, '1998-05-11', 'email_881@gmail.com', 'Name #881', '6278779546', 881),
	(882, '1998-07-07', 'email_882@gmail.com', 'Name #882', '5533367305', 882),
	(883, '1998-04-16', 'email_883@gmail.com', 'Name #883', '3082640623', 883),
	(884, '1998-10-04', 'email_884@gmail.com', 'Name #884', '6593213957', 884),
	(885, '1998-03-23', 'email_885@gmail.com', 'Name #885', '6682256664', 885),
	(886, '1998-10-16', 'email_886@gmail.com', 'Name #886', '8970252898', 886),
	(887, '1998-11-27', 'email_887@gmail.com', 'Name #887', '6024012797', 887),
	(888, '1998-02-05', 'email_888@gmail.com', 'Name #888', '3802948575', 888),
	(889, '1998-11-08', 'email_889@gmail.com', 'Name #889', '4169355760', 889),
	(890, '1998-06-13', 'email_890@gmail.com', 'Name #890', '2132060246', 890),
	(891, '1998-05-24', 'email_891@gmail.com', 'Name #891', '9558424062', 891),
	(892, '1998-10-28', 'email_892@gmail.com', 'Name #892', '9304612253', 892),
	(893, '1998-04-22', 'email_893@gmail.com', 'Name #893', '1857796421', 893),
	(894, '1998-09-19', 'email_894@gmail.com', 'Name #894', '4934256058', 894),
	(895, '1998-06-16', 'email_895@gmail.com', 'Name #895', '8205084727', 895),
	(896, '1998-11-04', 'email_896@gmail.com', 'Name #896', '8446451238', 896),
	(897, '1998-09-04', 'email_897@gmail.com', 'Name #897', '7978787777', 897),
	(898, '1998-08-15', 'email_898@gmail.com', 'Name #898', '3048640240', 898),
	(899, '1998-05-22', 'email_899@gmail.com', 'Name #899', '3484088779', 899),
	(900, '1998-12-23', 'email_900@gmail.com', 'Name #900', '7201612483', 900),
	(901, '1998-08-28', 'email_901@gmail.com', 'Name #901', '2359836956', 901),
	(902, '1998-05-26', 'email_902@gmail.com', 'Name #902', '1449219134', 902),
	(903, '1998-05-18', 'email_903@gmail.com', 'Name #903', '9111870201', 903),
	(904, '1998-03-28', 'email_904@gmail.com', 'Name #904', '2619976127', 904),
	(905, '1998-09-01', 'email_905@gmail.com', 'Name #905', '9285164882', 905),
	(906, '1998-10-06', 'email_906@gmail.com', 'Name #906', '4767765996', 906),
	(907, '1998-12-16', 'email_907@gmail.com', 'Name #907', '5626671729', 907),
	(908, '1998-03-05', 'email_908@gmail.com', 'Name #908', '6850383207', 908),
	(909, '1998-08-27', 'email_909@gmail.com', 'Name #909', '5186303864', 909),
	(910, '1998-05-01', 'email_910@gmail.com', 'Name #910', '8830439357', 910),
	(911, '1998-04-12', 'email_911@gmail.com', 'Name #911', '5301237462', 911),
	(912, '1998-08-19', 'email_912@gmail.com', 'Name #912', '3310438098', 912),
	(913, '1998-03-20', 'email_913@gmail.com', 'Name #913', '6626990470', 913),
	(914, '1998-11-11', 'email_914@gmail.com', 'Name #914', '5505019787', 914),
	(915, '1998-09-22', 'email_915@gmail.com', 'Name #915', '4589807156', 915),
	(916, '1998-07-03', 'email_916@gmail.com', 'Name #916', '5327776801', 916),
	(917, '1998-11-15', 'email_917@gmail.com', 'Name #917', '2112329925', 917),
	(918, '1998-08-11', 'email_918@gmail.com', 'Name #918', '8246689230', 918),
	(919, '1998-07-23', 'email_919@gmail.com', 'Name #919', '3373447858', 919),
	(920, '1998-07-10', 'email_920@gmail.com', 'Name #920', '8745698030', 920),
	(921, '1998-11-04', 'email_921@gmail.com', 'Name #921', '9798362248', 921),
	(922, '1998-07-06', 'email_922@gmail.com', 'Name #922', '8986695380', 922),
	(923, '1998-06-25', 'email_923@gmail.com', 'Name #923', '5394687183', 923),
	(924, '1998-09-23', 'email_924@gmail.com', 'Name #924', '2004311320', 924),
	(925, '1998-05-04', 'email_925@gmail.com', 'Name #925', '5671497166', 925),
	(926, '1998-04-16', 'email_926@gmail.com', 'Name #926', '6949367001', 926),
	(927, '1998-04-25', 'email_927@gmail.com', 'Name #927', '2281052368', 927),
	(928, '1998-10-23', 'email_928@gmail.com', 'Name #928', '7867615019', 928),
	(929, '1998-04-20', 'email_929@gmail.com', 'Name #929', '4207298597', 929),
	(930, '1998-04-17', 'email_930@gmail.com', 'Name #930', '5414895760', 930),
	(931, '1998-02-11', 'email_931@gmail.com', 'Name #931', '9695480791', 931),
	(932, '1998-01-07', 'email_932@gmail.com', 'Name #932', '4330608243', 932),
	(933, '1998-07-22', 'email_933@gmail.com', 'Name #933', '9300559879', 933),
	(934, '1998-01-24', 'email_934@gmail.com', 'Name #934', '5608290998', 934),
	(935, '1998-04-22', 'email_935@gmail.com', 'Name #935', '4761758299', 935),
	(936, '1998-06-03', 'email_936@gmail.com', 'Name #936', '2341900329', 936),
	(937, '1998-09-20', 'email_937@gmail.com', 'Name #937', '9008527959', 937),
	(938, '1998-04-20', 'email_938@gmail.com', 'Name #938', '4853505684', 938),
	(939, '1998-05-19', 'email_939@gmail.com', 'Name #939', '4812800141', 939),
	(940, '1998-06-23', 'email_940@gmail.com', 'Name #940', '7090676178', 940),
	(941, '1998-12-27', 'email_941@gmail.com', 'Name #941', '2822707027', 941),
	(942, '1998-10-25', 'email_942@gmail.com', 'Name #942', '9967497332', 942),
	(943, '1998-12-14', 'email_943@gmail.com', 'Name #943', '8735286032', 943),
	(944, '1998-05-17', 'email_944@gmail.com', 'Name #944', '9603717830', 944),
	(945, '1998-04-24', 'email_945@gmail.com', 'Name #945', '4701201866', 945),
	(946, '1998-08-07', 'email_946@gmail.com', 'Name #946', '8235490217', 946),
	(947, '1998-03-22', 'email_947@gmail.com', 'Name #947', '9953089991', 947),
	(948, '1998-11-27', 'email_948@gmail.com', 'Name #948', '4958518070', 948),
	(949, '1998-05-23', 'email_949@gmail.com', 'Name #949', '3192895598', 949),
	(950, '1998-07-28', 'email_950@gmail.com', 'Name #950', '9526753890', 950),
	(951, '1998-03-08', 'email_951@gmail.com', 'Name #951', '8094890417', 951),
	(952, '1998-12-24', 'email_952@gmail.com', 'Name #952', '6964410539', 952),
	(953, '1998-04-26', 'email_953@gmail.com', 'Name #953', '7275873762', 953),
	(954, '1998-06-17', 'email_954@gmail.com', 'Name #954', '1403630830', 954),
	(955, '1998-06-03', 'email_955@gmail.com', 'Name #955', '3724783695', 955),
	(956, '1998-12-22', 'email_956@gmail.com', 'Name #956', '4077380900', 956),
	(957, '1998-07-26', 'email_957@gmail.com', 'Name #957', '9415075331', 957),
	(958, '1998-11-12', 'email_958@gmail.com', 'Name #958', '8548182936', 958),
	(959, '1998-10-04', 'email_959@gmail.com', 'Name #959', '3911442795', 959),
	(960, '1998-09-07', 'email_960@gmail.com', 'Name #960', '5283125343', 960),
	(961, '1998-09-04', 'email_961@gmail.com', 'Name #961', '7697877289', 961),
	(962, '1998-06-13', 'email_962@gmail.com', 'Name #962', '4364549235', 962),
	(963, '1998-12-09', 'email_963@gmail.com', 'Name #963', '7788617881', 963),
	(964, '1998-04-15', 'email_964@gmail.com', 'Name #964', '1662891813', 964),
	(965, '1998-09-15', 'email_965@gmail.com', 'Name #965', '2261196598', 965),
	(966, '1998-07-24', 'email_966@gmail.com', 'Name #966', '7817169382', 966),
	(967, '1998-10-20', 'email_967@gmail.com', 'Name #967', '4057569520', 967),
	(968, '1998-01-07', 'email_968@gmail.com', 'Name #968', '3575826161', 968),
	(969, '1998-08-23', 'email_969@gmail.com', 'Name #969', '7594358517', 969),
	(970, '1998-12-12', 'email_970@gmail.com', 'Name #970', '9093569223', 970),
	(971, '1998-10-04', 'email_971@gmail.com', 'Name #971', '7988468857', 971),
	(972, '1998-12-03', 'email_972@gmail.com', 'Name #972', '3228319024', 972),
	(973, '1998-06-10', 'email_973@gmail.com', 'Name #973', '4926701146', 973),
	(974, '1998-04-13', 'email_974@gmail.com', 'Name #974', '2146208978', 974),
	(975, '1998-09-14', 'email_975@gmail.com', 'Name #975', '7841735661', 975),
	(976, '1998-09-27', 'email_976@gmail.com', 'Name #976', '6196340512', 976),
	(977, '1998-10-03', 'email_977@gmail.com', 'Name #977', '2506924327', 977),
	(978, '1998-03-17', 'email_978@gmail.com', 'Name #978', '3929916610', 978),
	(979, '1998-05-28', 'email_979@gmail.com', 'Name #979', '6948246041', 979),
	(980, '1998-06-04', 'email_980@gmail.com', 'Name #980', '6244028332', 980),
	(981, '1998-09-26', 'email_981@gmail.com', 'Name #981', '1501680739', 981),
	(982, '1998-04-12', 'email_982@gmail.com', 'Name #982', '6365597757', 982),
	(983, '1998-08-19', 'email_983@gmail.com', 'Name #983', '5925007780', 983),
	(984, '1998-04-18', 'email_984@gmail.com', 'Name #984', '3297429781', 984),
	(985, '1998-12-01', 'email_985@gmail.com', 'Name #985', '9987228868', 985),
	(986, '1998-10-22', 'email_986@gmail.com', 'Name #986', '3726583235', 986),
	(987, '1998-03-15', 'email_987@gmail.com', 'Name #987', '1209321390', 987),
	(988, '1998-06-14', 'email_988@gmail.com', 'Name #988', '3646184986', 988),
	(989, '1998-08-07', 'email_989@gmail.com', 'Name #989', '2340924829', 989),
	(990, '1998-12-19', 'email_990@gmail.com', 'Name #990', '1719530574', 990),
	(991, '1998-05-28', 'email_991@gmail.com', 'Name #991', '9777051529', 991),
	(992, '1998-06-16', 'email_992@gmail.com', 'Name #992', '3849275623', 992),
	(993, '1998-05-07', 'email_993@gmail.com', 'Name #993', '1320637406', 993),
	(994, '1998-09-21', 'email_994@gmail.com', 'Name #994', '8273177426', 994),
	(995, '1998-10-22', 'email_995@gmail.com', 'Name #995', '4194312746', 995),
	(996, '1998-11-28', 'email_996@gmail.com', 'Name #996', '1319011336', 996),
	(997, '1998-12-24', 'email_997@gmail.com', 'Name #997', '9441392538', 997),
	(998, '1998-06-24', 'email_998@gmail.com', 'Name #998', '4418822093', 998),
	(999, '1998-01-16', 'email_999@gmail.com', 'Name #999', '5807249392', 999),
	(1005, '2024-11-07', 'test001@gmail.com', 'Test001', '0123456789', 1002),
	(1006, '2024-11-01', 'test02@gmail.com', 'Test002', '0164484986', 1003),
	(1007, '2024-11-02', 'Test003@gmail.com', 'Test003', '0125894984', 1004),
	(1008, '2024-11-01', 'Test004@gmail.com', 'Test004', '0123848479', 1005),
	(1009, '2024-11-01', 'Test005@gmail.com', 'Test005', '0123456764', 1006),
	(1010, '2024-11-01', 'Test006@gmail.com', 'Test006', '0123456456', 1007),
	(1011, '2024-11-01', 'Test007@gmail.com', 'Test007', '0789461566', 1008),
	(1012, '2024-11-01', 'Test008@gmail.com', 'Test008', '0148484549', 1009),
	(1013, '2024-11-01', 'Test009@gmail.com', 'Test009', '0484845159', 1010),
	(1014, '2024-11-01', 'abc@gmail.com', 'abc', '0561616157', 1011),
	(1015, '2024-11-01', 'dfdb@gmail.com', 'fsfdsd', '0198495616', 1012),
	(1017, '2024-11-01', 'sdgsfg@gmail.com', 'dgdsgs', '0514984656', 1014),
	(1018, '2024-11-01', 'fdsfds@gmail.com', 'dfdf', '0525257275', 1015),
	(1019, '2024-11-01', 'sdgsfg111@gmail.com', 'sdfdsf1', '0227575757', 1016),
	(1022, '2024-10-31', 'Test0091@gmail.com', 'dsgsf', '0645874788', 1019);

-- Dumping structure for table works.candidate_skill
CREATE TABLE IF NOT EXISTS `candidate_skill` (
  `more_infos` varchar(1000) DEFAULT NULL,
  `skill_id` bigint(20) NOT NULL,
  `can_id` bigint(20) NOT NULL,
  `skill_level` tinyint(4) NOT NULL,
  PRIMARY KEY (`can_id`,`skill_id`),
  KEY `FKb7cxhiqhcah7c20a2cdlvr1f8` (`skill_id`),
  CONSTRAINT `FKb0m5tm3fi0upa3b3kjx3vrlxs` FOREIGN KEY (`can_id`) REFERENCES `candidate` (`id`),
  CONSTRAINT `FKb7cxhiqhcah7c20a2cdlvr1f8` FOREIGN KEY (`skill_id`) REFERENCES `skill` (`skill_id`),
  CONSTRAINT `skill_level` CHECK (`skill_level` between 0 and 5)
) ENGINE=InnoDB DEFAULT CHARSET=latin1 COLLATE=latin1_swedish_ci;

-- Dumping data for table works.candidate_skill: ~20 rows (approximately)
INSERT INTO `candidate_skill` (`more_infos`, `skill_id`, `can_id`, `skill_level`) VALUES
	(NULL, 1, 100, 1),
	(NULL, 12, 100, 5),
	('More info', 10, 102, 4),
	(NULL, 12, 957, 5),
	(NULL, 10, 1010, 1),
	(NULL, 1, 1011, 2),
	(NULL, 8, 1011, 1),
	(NULL, 12, 1011, 5),
	(NULL, 1, 1012, 3),
	(NULL, 16, 1012, 5),
	(NULL, 2, 1013, 1),
	(NULL, 11, 1013, 4),
	(NULL, 2, 1014, 3),
	(NULL, 12, 1014, 2),
	(NULL, 13, 1014, 1),
	(NULL, 14, 1015, 5),
	(NULL, 7, 1017, 5),
	(NULL, 15, 1017, 2),
	(NULL, 16, 1017, 5),
	(NULL, 3, 1018, 5),
	(NULL, 1, 1019, 5);

-- Dumping structure for table works.company
CREATE TABLE IF NOT EXISTS `company` (
  `comp_id` bigint(20) NOT NULL AUTO_INCREMENT,
  `about` varchar(2000) DEFAULT NULL,
  `email` varchar(255) NOT NULL,
  `comp_name` varchar(255) NOT NULL,
  `phone` varchar(255) NOT NULL,
  `web_url` varchar(255) DEFAULT NULL,
  `address` bigint(20) NOT NULL,
  PRIMARY KEY (`comp_id`),
  UNIQUE KEY `UK_rvp2hunsq4sgmpxe3a7i1ym3m` (`address`),
  CONSTRAINT `FKd5occp4cjwihejbxdbpvkp5tv` FOREIGN KEY (`address`) REFERENCES `address` (`id`)
) ENGINE=InnoDB AUTO_INCREMENT=106 DEFAULT CHARSET=latin1 COLLATE=latin1_swedish_ci;

-- Dumping data for table works.company: ~99 rows (approximately)
INSERT INTO `company` (`comp_id`, `about`, `email`, `comp_name`, `phone`, `web_url`, `address`) VALUES
	(7, 'About company 1', 'company1@gmail.com', 'Company 1', '090000001', 'http://company1.com', 589),
	(8, 'About company 2', 'company2@gmail.com', 'CONG TY TNHH THV14 VIET NAM', '090000002', 'http://company2.com', 995),
	(9, 'About company 3', 'company3@gmail.com', 'Company 3', '090000003', 'http://company3.com', 155),
	(10, 'About company 4', 'company4@gmail.com', 'Company 4', '090000004', 'http://company4.com', 39),
	(11, 'About company 5', 'company5@gmail.com', 'Company 5', '090000005', 'http://company5.com', 296),
	(12, 'About company 6', 'company6@gmail.com', 'Company 6', '090000006', 'http://company6.com', 574),
	(13, 'About company 7', 'company7@gmail.com', 'Company 7', '090000007', 'http://company7.com', 333),
	(14, 'About company 8', 'company8@gmail.com', 'Company 8', '090000008', 'http://company8.com', 392),
	(15, 'About company 9', 'company9@gmail.com', 'Company 9', '090000009', 'http://company9.com', 710),
	(16, 'About company 10', 'company10@gmail.com', 'Company 10', '0900000010', 'http://company10.com', 425),
	(17, 'About company 11', 'company11@gmail.com', 'Company 11', '0900000011', 'http://company11.com', 547),
	(18, 'About company 12', 'company12@gmail.com', 'Company 12', '0900000012', 'http://company12.com', 796),
	(19, 'About company 13', 'company13@gmail.com', 'Company 13', '0900000013', 'http://company13.com', 467),
	(20, 'About company 14', 'company14@gmail.com', 'Company 14', '0900000014', 'http://company14.com', 455),
	(21, 'About company 15', 'company15@gmail.com', 'Company 15', '0900000015', 'http://company15.com', 499),
	(22, 'About company 16', 'company16@gmail.com', 'Company 16', '0900000016', 'http://company16.com', 436),
	(23, 'About company 17', 'company17@gmail.com', 'Company 17', '0900000017', 'http://company17.com', 159),
	(24, 'About company 18', 'company18@gmail.com', 'Company 18', '0900000018', 'http://company18.com', 379),
	(25, 'About company 19', 'company19@gmail.com', 'Company 19', '0900000019', 'http://company19.com', 649),
	(26, 'About company 20', 'company20@gmail.com', 'Company 20', '0900000020', 'http://company20.com', 979),
	(27, 'About company 21', 'company21@gmail.com', 'Company 21', '0900000021', 'http://company21.com', 473),
	(28, 'About company 22', 'company22@gmail.com', 'Company 22', '0900000022', 'http://company22.com', 3),
	(29, 'About company 23', 'company23@gmail.com', 'Company 23', '0900000023', 'http://company23.com', 671),
	(30, 'About company 24', 'company24@gmail.com', 'Company 24', '0900000024', 'http://company24.com', 91),
	(31, 'About company 25', 'company25@gmail.com', 'Company 25', '0900000025', 'http://company25.com', 616),
	(32, 'About company 26', 'company26@gmail.com', 'Company 26', '0900000026', 'http://company26.com', 45),
	(33, 'About company 27', 'company27@gmail.com', 'Company 27', '0900000027', 'http://company27.com', 688),
	(34, 'About company 28', 'company28@gmail.com', 'Company 28', '0900000028', 'http://company28.com', 635),
	(35, 'About company 29', 'company29@gmail.com', 'Company 29', '0900000029', 'http://company29.com', 165),
	(36, 'About company 30', 'company30@gmail.com', 'Company 30', '0900000030', 'http://company30.com', 100),
	(37, 'About company 31', 'company31@gmail.com', 'Company 31', '0900000031', 'http://company31.com', 692),
	(38, 'About company 32', 'company32@gmail.com', 'Company 32', '0900000032', 'http://company32.com', 867),
	(39, 'About company 33', 'company33@gmail.com', 'Company 33', '0900000033', 'http://company33.com', 348),
	(40, 'About company 34', 'company34@gmail.com', 'Company 34', '0900000034', 'http://company34.com', 231),
	(41, 'About company 35', 'company35@gmail.com', 'Company 35', '0900000035', 'http://company35.com', 709),
	(42, 'About company 36', 'company36@gmail.com', 'Company 36', '0900000036', 'http://company36.com', 156),
	(43, 'About company 37', 'company37@gmail.com', 'Company 37', '0900000037', 'http://company37.com', 82),
	(44, 'About company 38', 'company38@gmail.com', 'Company 38', '0900000038', 'http://company38.com', 638),
	(45, 'About company 39', 'company39@gmail.com', 'Company 39', '0900000039', 'http://company39.com', 465),
	(46, 'About company 40', 'company40@gmail.com', 'Company 40', '0900000040', 'http://company40.com', 814),
	(47, 'About company 41', 'company41@gmail.com', 'Company 41', '0900000041', 'http://company41.com', 682),
	(48, 'About company 42', 'company42@gmail.com', 'Company 42', '0900000042', 'http://company42.com', 856),
	(49, 'About company 43', 'company43@gmail.com', 'Company 43', '0900000043', 'http://company43.com', 230),
	(50, 'About company 44', 'company44@gmail.com', 'Company 44', '0900000044', 'http://company44.com', 269),
	(51, 'About company 45', 'company45@gmail.com', 'Company 45', '0900000045', 'http://company45.com', 112),
	(52, 'About company 46', 'company46@gmail.com', 'Company 46', '0900000046', 'http://company46.com', 965),
	(53, 'About company 47', 'company47@gmail.com', 'Company 47', '0900000047', 'http://company47.com', 220),
	(54, 'About company 48', 'company48@gmail.com', 'Company 48', '0900000048', 'http://company48.com', 242),
	(55, 'About company 49', 'company49@gmail.com', 'Company 49', '0900000049', 'http://company49.com', 442),
	(56, 'About company 50', 'company50@gmail.com', 'Company 50', '0900000050', 'http://company50.com', 250),
	(57, 'About company 51', 'company51@gmail.com', 'Company 51', '0900000051', 'http://company51.com', 495),
	(58, 'About company 52', 'company52@gmail.com', 'Company 52', '0900000052', 'http://company52.com', 662),
	(59, 'About company 53', 'company53@gmail.com', 'Company 53', '0900000053', 'http://company53.com', 426),
	(60, 'About company 54', 'company54@gmail.com', 'Company 54', '0900000054', 'http://company54.com', 428),
	(61, 'About company 55', 'company55@gmail.com', 'Company 55', '0900000055', 'http://company55.com', 757),
	(62, 'About company 56', 'company56@gmail.com', 'Company 56', '0900000056', 'http://company56.com', 474),
	(63, 'About company 57', 'company57@gmail.com', 'Company 57', '0900000057', 'http://company57.com', 460),
	(64, 'About company 58', 'company58@gmail.com', 'Company 58', '0900000058', 'http://company58.com', 133),
	(65, 'About company 59', 'company59@gmail.com', 'Company 59', '0900000059', 'http://company59.com', 883),
	(66, 'About company 60', 'company60@gmail.com', 'Company 60', '0900000060', 'http://company60.com', 343),
	(67, 'About company 61', 'company61@gmail.com', 'Company 61', '0900000061', 'http://company61.com', 975),
	(68, 'About company 62', 'company62@gmail.com', 'Company 62', '0900000062', 'http://company62.com', 584),
	(69, 'About company 63', 'company63@gmail.com', 'Company 63', '0900000063', 'http://company63.com', 683),
	(70, 'About company 64', 'company64@gmail.com', 'Company 64', '0900000064', 'http://company64.com', 327),
	(71, 'About company 65', 'company65@gmail.com', 'Company 65', '0900000065', 'http://company65.com', 543),
	(72, 'About company 66', 'company66@gmail.com', 'Company 66', '0900000066', 'http://company66.com', 123),
	(73, 'About company 67', 'company67@gmail.com', 'Company 67', '0900000067', 'http://company67.com', 50),
	(74, 'About company 68', 'company68@gmail.com', 'Company 68', '0900000068', 'http://company68.com', 672),
	(75, 'About company 69', 'company69@gmail.com', 'Company 69', '0900000069', 'http://company69.com', 849),
	(76, 'About company 70', 'company70@gmail.com', 'Company 70', '0900000070', 'http://company70.com', 730),
	(77, 'About company 71', 'company71@gmail.com', 'Company 71', '0900000071', 'http://company71.com', 508),
	(78, 'About company 72', 'company72@gmail.com', 'Company 72', '0900000072', 'http://company72.com', 694),
	(79, 'About company 73', 'company73@gmail.com', 'Company 73', '0900000073', 'http://company73.com', 249),
	(80, 'About company 74', 'company74@gmail.com', 'Company 74', '0900000074', 'http://company74.com', 440),
	(81, 'About company 75', 'company75@gmail.com', 'Company 75', '0900000075', 'http://company75.com', 450),
	(82, 'About company 76', 'company76@gmail.com', 'Company 76', '0900000076', 'http://company76.com', 180),
	(83, 'About company 77', 'company77@gmail.com', 'Company 77', '0900000077', 'http://company77.com', 191),
	(84, 'About company 78', 'company78@gmail.com', 'Company 78', '0900000078', 'http://company78.com', 864),
	(85, 'About company 79', 'company79@gmail.com', 'Company 79', '0900000079', 'http://company79.com', 444),
	(86, 'About company 80', 'company80@gmail.com', 'Company 80', '0900000080', 'http://company80.com', 832),
	(87, 'About company 81', 'company81@gmail.com', 'Company 81', '0900000081', 'http://company81.com', 61),
	(88, 'About company 82', 'company82@gmail.com', 'Company 82', '0900000082', 'http://company82.com', 373),
	(89, 'About company 83', 'company83@gmail.com', 'Company 83', '0900000083', 'http://company83.com', 447),
	(90, 'About company 84', 'company84@gmail.com', 'Company 84', '0900000084', 'http://company84.com', 366),
	(91, 'About company 85', 'company85@gmail.com', 'Company 85', '0900000085', 'http://company85.com', 420),
	(92, 'About company 86', 'company86@gmail.com', 'Company 86', '0900000086', 'http://company86.com', 38),
	(93, 'About company 87', 'company87@gmail.com', 'Company 87', '0900000087', 'http://company87.com', 836),
	(94, 'About company 88', 'company88@gmail.com', 'Company 88', '0900000088', 'http://company88.com', 148),
	(95, 'About company 89', 'company89@gmail.com', 'Company 89', '0900000089', 'http://company89.com', 257),
	(96, 'About company 90', 'company90@gmail.com', 'Company 90', '0900000090', 'http://company90.com', 605),
	(97, 'About company 91', 'company91@gmail.com', 'Company 91', '0900000091', 'http://company91.com', 312),
	(98, 'About company 92', 'company92@gmail.com', 'Company 92', '0900000092', 'http://company92.com', 794),
	(99, 'About company 93', 'company93@gmail.com', 'Company 93', '0900000093', 'http://company93.com', 298),
	(100, 'About company 94', 'company94@gmail.com', 'Company 94', '0900000094', 'http://company94.com', 120),
	(101, 'About company 95', 'company95@gmail.com', 'Company 95', '0900000095', 'http://company95.com', 981),
	(102, 'About company 96', 'company96@gmail.com', 'Company 96', '0900000096', 'http://company96.com', 54),
	(103, 'About company 97', 'company97@gmail.com', 'Company 97', '0900000097', 'http://company97.com', 430),
	(104, 'About company 98', 'company98@gmail.com', 'Company 98', '0900000098', 'http://company98.com', 993),
	(105, 'About company 99', 'company99@gmail.com', 'Company 99', '0900000099', 'http://company99.com', 517);

-- Dumping structure for table works.experience
CREATE TABLE IF NOT EXISTS `experience` (
  `exp_id` bigint(20) NOT NULL AUTO_INCREMENT,
  `from_date` date DEFAULT NULL,
  `to_date` date DEFAULT NULL,
  `can_id` bigint(20) NOT NULL DEFAULT 0,
  `role` varchar(255) DEFAULT NULL,
  `company` varchar(255) DEFAULT NULL,
  `work_desc` varchar(255) DEFAULT NULL,
  PRIMARY KEY (`exp_id`),
  KEY `FK_Experience_Candidate` (`can_id`),
  CONSTRAINT `FK_Experience_Candidate` FOREIGN KEY (`can_id`) REFERENCES `candidate` (`id`) ON DELETE CASCADE ON UPDATE NO ACTION
) ENGINE=InnoDB AUTO_INCREMENT=42 DEFAULT CHARSET=latin1 COLLATE=latin1_swedish_ci;

-- Dumping data for table works.experience: ~35 rows (approximately)
INSERT INTO `experience` (`exp_id`, `from_date`, `to_date`, `can_id`, `role`, `company`, `work_desc`) VALUES
	(1, '2024-10-04', '2024-11-27', 1005, 'Inter', 'ABC', 'abc'),
	(2, '2024-11-02', '2024-11-29', 1005, 'Master', 'cdf', 'cdf'),
	(3, '2024-11-01', '2024-11-30', 1006, 'Inter', 'Company01', 'Compay01'),
	(4, '2024-09-01', '2024-09-15', 1006, 'Master', 'Company02', 'Company02'),
	(5, '2024-11-01', '2024-11-30', 1007, 'Inter', 'PHD', 'PHD'),
	(6, '2024-11-01', '2024-11-30', 1008, 'Inter', 'FPT', 'FPT'),
	(7, '2024-11-01', '2024-11-30', 1009, 'Inter', 'Kem', 'Kem'),
	(8, '2024-11-13', '2024-11-30', 1010, 'Inter', 'CT001', 'CT001'),
	(9, '2024-11-03', '2024-11-30', 1011, 'Inter', 'CT021', 'CT021'),
	(10, '2024-11-01', '2024-11-03', 1012, 'Inter', 'CT003', 'CT003'),
	(11, '2024-11-01', '2024-11-15', 1013, 'Inter', 'CT004', 'CT004'),
	(12, '2024-11-01', '2024-11-30', 1013, 'Master', 'CT005', 'CT005'),
	(13, '2024-11-01', '2024-11-30', 1014, 'Inter', 'CT003', 'CT003'),
	(15, NULL, NULL, 1018, '', '', ''),
	(16, NULL, NULL, 1019, '', '', ''),
	(17, NULL, NULL, 1022, '', '', ''),
	(21, '2024-11-01', '2024-11-30', 1017, 'Inter', 'CT0071', 'CT007'),
	(22, NULL, NULL, 1017, '', '', ''),
	(23, NULL, NULL, 1017, '', '', ''),
	(24, NULL, NULL, 1017, '', '', ''),
	(25, NULL, NULL, 1017, NULL, NULL, NULL),
	(26, NULL, NULL, 1017, NULL, NULL, NULL),
	(27, NULL, NULL, 1017, NULL, NULL, NULL),
	(28, NULL, NULL, 1017, NULL, NULL, NULL),
	(29, NULL, NULL, 1017, NULL, NULL, NULL),
	(30, NULL, NULL, 1017, NULL, NULL, NULL),
	(31, NULL, NULL, 1017, NULL, NULL, NULL),
	(32, NULL, NULL, 1017, NULL, NULL, NULL),
	(33, NULL, NULL, 1017, NULL, NULL, NULL),
	(34, NULL, NULL, 1017, NULL, NULL, NULL),
	(35, NULL, NULL, 1017, NULL, NULL, NULL),
	(36, NULL, NULL, 1017, NULL, NULL, NULL),
	(37, '2024-11-14', '2024-11-30', 1012, 'Master', 'CT0031', 'CT003'),
	(38, '2024-11-03', '2024-11-08', 1011, 'Master', 'CT0221', 'CT022'),
	(39, '2024-11-22', '2024-11-30', 1011, 'Inter', 'CT023', 'CT023'),
	(40, '2024-11-01', '2024-11-30', 100, 'Inter', 'CT01', 'CT01'),
	(41, '2024-11-02', '2024-11-30', 957, 'Inter', 'ABC', 'ABC');

-- Dumping structure for table works.job
CREATE TABLE IF NOT EXISTS `job` (
  `job_id` bigint(20) NOT NULL AUTO_INCREMENT,
  `job_desc` varchar(2000) NOT NULL,
  `job_name` varchar(255) NOT NULL,
  `company` bigint(20) DEFAULT NULL,
  PRIMARY KEY (`job_id`),
  KEY `FKbaqlvluu78phmo9ld89um7wnm` (`company`),
  CONSTRAINT `FKbaqlvluu78phmo9ld89um7wnm` FOREIGN KEY (`company`) REFERENCES `company` (`comp_id`)
) ENGINE=InnoDB AUTO_INCREMENT=35 DEFAULT CHARSET=latin1 COLLATE=latin1_swedish_ci;

-- Dumping data for table works.job: ~33 rows (approximately)
INSERT INTO `job` (`job_id`, `job_desc`, `job_name`, `company`) VALUES
	(1, 'JobDes01', 'Job01', 7),
	(2, 'JobDes01', 'Job01', 7),
	(3, 'Hiring Software Development Engineer/ Java Developer', 'Hiring Software Development Engineer/ Java Developer', 8),
	(4, 'Job03', 'Job03', 9),
	(5, 'Hiring Data Analyst', 'Hiring Data Analyst', 8),
	(6, 'Manufacturing Software Engineer', 'Manufacturing Software Engineer', 8),
	(7, 'Job023', 'Job023', 8),
	(8, 'Job024', 'Job024', 8),
	(9, 'Job025', 'Job025', 8),
	(10, 'Job026', 'Job026', 8),
	(11, 'Job026', 'Job026', 8),
	(12, 'Job027', 'Job027', 8),
	(13, 'Job028', 'Job028', 8),
	(14, 'Job029', 'Job029', 8),
	(15, 'Job030', 'Job030', 8),
	(16, 'Job031', 'Job031', 8),
	(17, 'Job032', 'Job032', 8),
	(18, 'Job033', 'Job033', 8),
	(19, 'Job034', 'Job034', 8),
	(20, 'Job035', 'Job035', 8),
	(21, 'Job036', 'Job036', 8),
	(22, 'Job037', 'Job037', 8),
	(23, 'Job038', 'Job038', 8),
	(24, 'Job039', 'Job039', 8),
	(25, 'Job040', 'Job040', 8),
	(26, 'Job041', 'Job041', 8),
	(27, 'Job042', 'Job042', 8),
	(28, 'Job043', 'Job043', 8),
	(29, 'Job044', 'Job044', 8),
	(30, 'Job045', 'Job045', 8),
	(31, 'Job046', 'Job046', 8),
	(32, 'Job047', 'Job047', 8),
	(34, 'Job048', 'Job048', 8);

-- Dumping structure for table works.job_skill
CREATE TABLE IF NOT EXISTS `job_skill` (
  `more_infos` varchar(1000) DEFAULT NULL,
  `skill_level` tinyint(4) NOT NULL DEFAULT 0,
  `job_id` bigint(20) NOT NULL,
  `skill_id` bigint(20) NOT NULL,
  PRIMARY KEY (`job_id`,`skill_id`),
  KEY `FKj33qbbf3vk1lvhqpcosnh54u1` (`skill_id`),
  CONSTRAINT `FK9ix4wg520ii2gu2felxdhdup6` FOREIGN KEY (`job_id`) REFERENCES `job` (`job_id`),
  CONSTRAINT `FKj33qbbf3vk1lvhqpcosnh54u1` FOREIGN KEY (`skill_id`) REFERENCES `skill` (`skill_id`),
  CONSTRAINT `skill_level` CHECK (`skill_level` between 0 and 5)
) ENGINE=InnoDB DEFAULT CHARSET=latin1 COLLATE=latin1_swedish_ci;

-- Dumping data for table works.job_skill: ~22 rows (approximately)
INSERT INTO `job_skill` (`more_infos`, `skill_level`, `job_id`, `skill_id`) VALUES
	('abc', 5, 3, 1),
	('edc', 1, 3, 2),
	('', 1, 5, 1),
	('', 4, 5, 2),
	('', 5, 5, 3),
	('', 4, 5, 9),
	('', 5, 5, 10),
	('', 5, 6, 2),
	('', 5, 6, 3),
	('', 5, 6, 4),
	('More info', 5, 30, 1),
	('More info', 1, 30, 2),
	('More info', 1, 31, 1),
	('More info', 2, 31, 2),
	('More info', 3, 31, 3),
	('More info', 4, 31, 4),
	('More info', 5, 31, 5),
	('More info', 5, 32, 1),
	('More info', 3, 32, 3),
	('More info', 4, 32, 4),
	('abc', 4, 34, 8),
	('11111', 1, 34, 10);

-- Dumping structure for table works.skill
CREATE TABLE IF NOT EXISTS `skill` (
  `skill_id` bigint(20) NOT NULL AUTO_INCREMENT,
  `skill_description` varchar(255) DEFAULT NULL,
  `skill_name` varchar(255) DEFAULT NULL,
  `type` tinyint(4) DEFAULT NULL CHECK (`type` between 0 and 2),
  PRIMARY KEY (`skill_id`)
) ENGINE=InnoDB AUTO_INCREMENT=17 DEFAULT CHARSET=latin1 COLLATE=latin1_swedish_ci;

-- Dumping data for table works.skill: ~16 rows (approximately)
INSERT INTO `skill` (`skill_id`, `skill_description`, `skill_name`, `type`) VALUES
	(1, 'A programming language used for development of software.', 'Java', 1),
	(2, 'A programming language used for development of software.', 'Python', 1),
	(3, 'A programming language used for development of software.', 'JavaScript', 1),
	(4, 'A programming language used for development of software.', 'C++', 1),
	(5, 'A programming language used for development of software.', 'C#', 1),
	(6, 'A programming language used for development of software.', 'Ruby', 1),
	(7, 'A programming language used for development of software.', 'Go', 1),
	(8, 'A programming language used for development of software.', 'Swift', 1),
	(9, 'A programming language used for development of software.', 'Kotlin', 1),
	(10, 'A programming language used for development of software.', 'PHP', 1),
	(11, '', 'Angular', 1),
	(12, '', 'Nodejs', 1),
	(13, '', 'React', 1),
	(14, '', 'React-Native', 1),
	(15, '', 'MongoDB', 1),
	(16, '', 'SqlServer', 1);

/*!40103 SET TIME_ZONE=IFNULL(@OLD_TIME_ZONE, 'system') */;
/*!40101 SET SQL_MODE=IFNULL(@OLD_SQL_MODE, '') */;
/*!40014 SET FOREIGN_KEY_CHECKS=IFNULL(@OLD_FOREIGN_KEY_CHECKS, 1) */;
/*!40101 SET CHARACTER_SET_CLIENT=@OLD_CHARACTER_SET_CLIENT */;
/*!40111 SET SQL_NOTES=IFNULL(@OLD_SQL_NOTES, 1) */;
